-0.6673203235885910,6.4080905520539300,5,4.992231536341880,1
-1.126062309448190,14.452002407474000,45,3.637387735240140,1
-0.3709262797981650,12.176644043138600,60,4.154439326325230,1
-0.35533700929102200,-2.8395072039999700,45,3.508400827245920,1
1.0492626942498100,5.770538719397290,2,3.4776334988353500,1
14.90273715567010,24.434679806320400,13,3.5145068025774600,3
2.531554167132240,14.229204609583200,83,8.546806106438480,4
-1.6259201790613000,3.476165890408910,68,1.8990728292657300,1
15.58961094539480,8.720116896043710,42,10.943906504397500,2
16.141093069726100,8.54543690783861,77,9.264654007050090,2
4.241754065397350,14.465366140218400,7,9.209567713793740,4
14.080255771329300,-1.0202275194634800,18,9.9975772748939,2
-2.4846790459274800,4.809862506653450,0,2.9945551473694400,1
-0.4339985508041560,-0.9680786477361330,78,4.200560730383590,1
1.458190342786010,4.247025816514600,61,7.26227701027943,1
-2.243273056521200,4.589520268569010,68,4.662274169906570,1
4.052067363497080,19.952311914046900,15,8.99124842979265,4
-2.983300315377800,1.4800294011030100,86,6.089298165947760,1
-1.3865550111423900,-1.8351976237361400,37,5.181919998033160,1
2.2402444179506000,16.66240731914600,25,5.052879133027140,1
5.469765417770140,17.364063724735500,94,10.50787356856530,4
16.55532305073080,-0.8344479736248630,43,6.926716970905740,2
15.140358431826100,35.047178004857100,77,3.4747137012681300,3
19.606184845354800,30.231172022710400,0,6.004272160147820,3
-1.8330424778502900,0.5795708367777420,71,-0.28161366241603200,1
4.259746279777640,9.740536209338440,2,8.630802238862070,4
-0.5438903051307790,1.9080697800713700,73,2.251522976198770,1
14.813759720961200,25.512274969047600,27,3.6606191277741400,3
11.013891821515800,-16.709613137666200,49,10.320650690099700,2
14.860336105879900,7.810323184341700,82,8.520917842853570,2
4.683552929321050,32.494758288788800,11,6.205934694888720,4
2.9429749484067000,12.716032709770900,75,11.424675483046200,4
15.717209657619600,29.199872769715000,81,8.959769479060240,3
-3.5383403678950800,22.540430571667200,62,2.7190371149869700,1
3.357320169550070,22.1372388458159,16,9.87270490663006,4
6.230394712598710,26.214967380196,46,9.64387260304953,4
13.194263654350300,1.1063343875773500,32,7.060069026621510,2
3.746280760883430,8.200868662856040,54,9.305018322536880,4
15.258318466598900,28.1473002002761,79,5.42130276355102,3
18.31433076412740,22.395927732923200,80,1.6377334206275000,3
12.129861883400700,1.0789768315926800,67,7.6071437948188300,2
13.562222275675200,8.177948584116570,69,8.147498689268770,2
6.9768487541417000,24.799281872627100,57,9.134871966904790,4
1.7974857808843500,6.107543525654280,53,5.995474420112250,1
14.448449205063600,-14.720889728317200,7,8.175292115688320,2
-2.331266569452390,2.64404414971556,26,5.434829875773580,1
17.17180193387750,13.001691857998700,48,4.699012645328230,3
6.86883925361666,13.500532002918200,43,9.774771897126920,4
-1.0160474631784800,1.6602407357354900,23,0.8699217390463300,1
2.5152980083014900,12.524384058048100,69,11.305921557436300,4
18.355104952055300,33.11574637373080,34,5.796820400646600,3
4.669541506017860,15.25664956398330,39,10.057458639517600,4
-1.8281507198106500,9.30443796688683,10,4.744185099253600,1
14.21854066603570,26.262138973296200,89,5.441090860108700,3
13.308078923888700,-0.4984016162536530,43,9.770092790225100,2
0.008728957541576770,5.113738277342610,40,5.375173406167230,1
6.328285258597750,5.326839587752350,61,10.123170544722300,4
3.628430954330780,9.75179506617301,17,8.769994261427280,4
14.976063780394800,-2.632899222597260,11,7.6276413041405200,2
5.380917967647740,5.45864983520412,21,9.078920300542770,4
12.695589661937700,-3.582005797296200,99,8.296442001478230,2
13.472099404677600,-1.012809096926680,47,6.565369496494310,2
13.897562079712200,4.900696206390700,64,11.943239470327300,2
14.545046141726700,-1.7474606165100000,77,11.440090825112900,2
12.023798295402100,3.556198457174500,74,8.439156278221080,2
-1.8612884019657400,-0.6178362349205090,7,1.593131910879480,1
-2.5826104544157100,6.654846589840400,72,4.636540312260340,1
15.723570443803200,-3.1584525776424200,70,6.248428620141920,2
0.25310123788910400,12.728771992957800,2,1.1078074215472400,1
9.760819822375610,-6.8441211819191400,96,6.429148547810920,2
-0.7979784130876590,13.440255160565900,46,3.539868720123660,1
18.08283437261650,14.821314232252800,58,5.164603543869200,3
16.82987561066000,34.049277505321500,2,5.439584484136510,3
0.2604627462672590,4.927996916574840,18,5.433240705637050,1
18.998435598216900,16.75500146895300,33,3.6954797871491700,3
16.324511465127500,11.637258778536000,51,11.870338335443600,2
-0.01204154010681640,0.4402222372422560,13,7.586690070897530,1
1.1764732467360600,9.711614014187550,19,10.222434025122900,4
0.11749461409105100,4.8321737436501400,94,2.1011740365664000,1
16.011100897223,27.04130677296830,97,5.735359325439840,3
5.535270503113230,16.247384711603400,16,4.453096322111710,4
14.731765174545000,7.475134797719660,73,7.786779344375430,2
0.3117730470565970,11.831174690624000,32,6.4065856232458600,1
15.413152598012300,27.184930774526600,57,5.050482002232030,3
18.183169026423800,23.568361131051400,14,6.336453944445390,3
16.5645801609306,31.989135173218800,51,3.4972641003175600,3
-1.31040425300176,6.055859954333210,94,5.175993208812630,1
18.043871329273800,21.251993961322500,93,7.809572524831010,3
0.7091563195480740,6.820682258110030,78,4.510813081587870,1
15.672678582893900,33.07246737713420,75,1.6179074500029000,3
12.084012236458100,3.7508016375997900,50,8.091942062334590,2
16.515746767614900,28.621036171212900,65,1.655415102461600,3
11.996654483226900,-0.6179455942015540,70,12.800866783993200,2
16.993407204856100,16.101132205805900,52,4.209337526165330,3
15.880401216811800,21.015603199754500,74,5.289277636671820,3
12.31424458068060,-1.9313406103346000,0,8.1822405955089,2
1.9366101669947800,9.287616027002410,19,6.683321012569310,4
-0.5696465486739830,14.630430233179300,13,5.291074693925740,1
16.33650297611060,18.954126525563400,82,3.520625532170270,3
0.008107169255031740,6.772171560678990,10,2.395040275039960,1
-0.4270069366761880,2.137879047139100,70,5.0145697159664300,1
17.186171714177100,27.673644374298700,26,6.065050085973270,3
-2.4034181418813200,14.676657501973600,88,4.352568525556510,1
13.78784226210320,-3.46163507506806,84,8.944203747335890,2
-0.6452288390239860,3.419317508549480,31,6.01253797822422,1
1.3710422744722300,2.823089832916770,23,2.3128060974647000,1
15.29044280741810,26.625372335985300,36,3.5701819233100100,3
-3.5794038036098300,8.33924469107219,46,2.645753166931710,1
16.25182014134230,12.31840668729010,53,3.40520471519671,3
15.648999922166300,2.505885508530500,17,9.623865492402680,2
15.91955076720050,28.455272208936600,38,1.9106268550232800,3
13.691570338420000,18.000900561501200,12,0.288071878609117,3
13.258190423493000,-15.690579582598400,80,5.02871875513906,2
19.391173380033600,25.417543355407700,3,7.414167730591960,3
-2.735226477764200,-4.959717471096170,34,2.592701415291580,1
4.1943905880005300,11.233358142529500,68,10.248514878961000,4
-0.8107599878884630,12.757217537960800,60,4.160183515677440,1
13.470302990030100,-7.004832790969840,4,9.812417864057360,2
5.68895692248284,0.8511449510131910,94,6.544796084487840,4
5.2674348612600300,19.682616177809500,35,9.668515577801560,4
2.212216161543610,14.783389741278500,95,12.90184711728660,4
5.73552518360435,12.992596984621600,33,10.871388090557000,4
13.113096300782400,4.6133240220471300,85,11.229625305715200,2
-1.3492236064765500,3.5103635961669300,85,6.50090179307418,1
15.87596016150720,24.01917855543810,30,3.0481085285247000,3
17.52122080884670,-6.7899095586440800,32,5.8134653917100800,2
0.398897056136321,4.156884625005310,37,2.3453095773871000,1
-2.3780288786786800,5.176959350581710,15,6.218004002994070,1
-1.1865507247032000,8.225897801233710,57,5.4089466507082100,1
11.89227520002160,-13.451057222252400,27,11.535930044126000,2
13.873499876056000,30.004681666235500,65,3.448520645509900,3
15.661395290917,23.775661864293100,38,7.034086065456110,3
16.377079355918500,-3.4393578735641300,100,8.7934242373776,2
13.47128348513130,-9.660162291483910,95,4.847952811782850,2
4.190117827296820,10.76514278965810,89,9.037981269579500,4
14.582581586519900,3.0095148700879700,19,11.05420272013090,2
-3.809521051970250,-6.352787789243940,47,6.007014112766460,1
4.610955379740040,18.657415641015800,64,7.6091125479291300,4
-0.7276208651972350,-0.878818617309264,35,3.2592023175083200,1
4.217440948727800,8.990021649047340,38,9.00081033714979,4
16.67665916855090,26.17416326656510,1,2.4533912943249800,3
15.521665505344300,21.80903975806970,13,3.331613429662470,3
0.11543709003118700,5.137518102694640,63,3.5258553447208800,1
0.32384244539684900,4.683332857010400,22,7.931782054576810,1
6.063460483484610,14.035079618956100,3,10.171817860828600,4
13.760521822140300,7.619694103739960,31,11.374254816555500,2
-0.273752228869005,17.053193565874000,46,4.156249616069490,1
4.80663000588183,18.450594040361100,95,7.871539803625480,4
15.901018582666200,26.83099481891730,18,2.491092914135070,3
12.10087915707990,-7.848095487571910,59,11.647243051718800,2
16.668936102139000,38.48132626107310,34,6.527933914213180,3
12.200111541011300,-5.0405899886894500,40,10.296989823991000,2
13.303849664479200,1.4398023579720300,1,8.449253722060650,2
0.029125522147866200,9.893312312936160,81,2.127956342762330,1
15.77766723821440,26.434539736727900,55,5.750183510253310,3
5.455263716328360,19.3217156210658,54,10.554487951771000,4
15.84841191389160,-1.1865433036526800,26,8.529808513788100,2
1.8391410656710400,1.1626549827383600,85,4.347679077398310,1
16.488041655448500,26.15988075481690,66,3.8991209175304700,3
15.575908580663800,34.65413146396140,20,6.4814495651293400,3
16.829943476958500,24.974598021616900,51,3.4571093537145700,3
16.150582873100200,27.081057022424000,70,4.98764066682264,3
3.8740098900424200,6.60395853479422,54,6.7216093332772900,4
15.226090835896800,20.817992206427700,15,2.596088689171990,3
4.252338313814570,14.168520943715700,61,9.197668423386950,4
15.873400681003300,34.509168210127500,20,1.7147417293098300,3
13.402958021449300,-14.442937703445000,89,9.694054367128560,2
15.358414066544900,21.883214835842600,40,1.373634339108310,3
15.358185671688300,21.110263885066200,13,6.459370621508250,3
17.129775582386100,16.746121181866200,83,2.569959968460570,3
17.611083564155900,28.762679366770200,37,6.374561024176410,3
-1.9030008124995100,4.108764653364880,6,3.8044524906076900,1
4.186505536117140,8.839275704742780,59,7.228591400764540,4
3.2809938819999400,5.990653918017540,87,5.657805528479370,4
15.58003499069030,35.392648512858400,24,3.5776403764693200,3
1.5550780766127100,14.760433228710800,40,7.5083460209081700,4
11.405790814945200,-2.8709284859319800,92,10.263379006618800,2
-0.05313896578336720,1.51278406083813,74,1.1975351644158800,1
-0.9371863136695270,4.687040204974950,20,3.929696054027530,1
18.376980593073300,6.545043533909370,28,6.1735962500788100,2
13.722557732514900,-3.0759444579706900,99,13.890784657281700,2
14.684095470519700,6.519251119271970,89,10.193484326202300,2
16.861126595884300,30.67915796637830,96,1.9973570764407800,3
14.706736900909400,24.883481086931900,57,5.574293444576630,3
0.6102875747800010,-1.8698931110866400,44,2.9277923035512400,1
14.098620951999700,-7.105996977631700,74,8.928955510224700,2
15.725028540520300,14.569261672721000,59,2.089704215388470,3
15.120123797923900,5.095267460327130,44,9.623372055257170,2
-0.6890541472105830,-4.795467082543300,59,4.63859362074901,1
16.38213133723870,30.33614907466920,47,6.384671417873110,3
4.158389013033990,14.67782743308720,27,10.17623883413700,4
17.606996578175500,23.4396458756695,36,6.622938704993240,3
-0.45262306980992500,7.630809191886040,12,4.238753545638220,1
12.436266924704600,4.207756210291060,73,8.170932844021230,2
2.9325362561843500,18.828989306095500,51,10.703808640976700,4
1.4835669940567000,32.58359717238330,29,8.00327469728575,4
6.170805353022720,5.081659886384420,11,9.988439218877620,4
5.199125623064850,22.498241653612400,5,8.456168189857000,4
2.0990721744657100,16.8703892532984,19,5.113740765319820,4
-0.7172538244524750,8.793164726257060,52,3.511709971933110,1
15.71691150955000,2.2015795571974100,85,8.199407776186570,2
16.02143540986360,24.766975996233300,5,3.957714086038860,3
-2.6464920255725500,6.089716948828870,2,4.828300084425410,1
-1.5369281564573700,8.096721148474430,64,4.340508775724600,1
4.556934762252950,-0.8668653264299790,66,9.956762745162140,4
16.192244884566400,7.002756269499510,62,9.145104054010440,2
14.938843394177000,-4.834664956174910,36,6.034760454776260,2
16.412473378499400,28.01945920425970,74,6.331139018441570,3
16.198523649174400,35.11407117913600,40,3.6484941252131300,3
17.617639356731600,14.768473637851700,5,1.7168988515997000,3
10.168088718714100,15.188691467061400,79,6.982462128470480,2
16.763018659246200,32.39978204786870,93,3.91234696727377,3
2.6223193046734600,12.229784474113400,55,9.006807352139330,4
-2.6802379690867200,12.465994621012800,78,9.367581078051010,1
6.392202082347620,15.284739619517400,1,5.194309207618660,4
14.36102746138280,-19.65178348525910,50,10.171000667527000,2
2.7932215211409300,4.039152645734950,30,9.906227740373220,4
15.773010908570700,28.668886977262000,40,4.518288019320350,3
13.930941256362200,-4.424574901164090,63,5.291099898814480,2
-1.5364865886834100,9.61757353845199,3,3.9008935377478600,1
5.00917321734906,11.981084521492000,55,7.302368671738880,4
4.250425881312800,20.8494286136304,42,6.8736925491623300,4
2.8032867422654000,16.181360305484500,91,13.128298075540700,4
14.108120342591000,21.499175872353200,48,11.564645715596200,2
14.36475233847000,4.860799289299690,27,9.59827477814083,2
5.320156782384870,9.90847555530661,58,9.089801269230600,4
4.144959197169660,14.759871032237400,42,13.362778240407600,4
2.683053120109930,12.873143065807500,31,9.987595532263450,4
5.839384234770140,9.323515121615620,18,8.720913774925400,4
17.786359652773200,31.186511277064000,87,1.5989671564872600,3
16.344699552201500,28.53370639973430,80,9.736583871542990,3
6.004645801469860,5.488012306495830,80,11.11574694070160,4
14.223563602857600,25.047484510204800,81,4.522795726080740,3
15.589599355464400,3.0075164244189100,62,11.210364277850700,2
3.095497895057190,23.665304071358500,77,8.495333239628770,4
4.151276879319120,11.700539970558000,82,4.646708813572350,4
18.76748397415810,29.773488107054100,60,3.4197954922988300,3
17.132222409997700,14.948722316421300,9,4.434270484404190,3
13.98772980497140,-9.740126050775620,86,10.322806615022900,2
6.035356435061780,16.50178421812080,46,8.765931709687870,4
-1.3003157450975500,10.18799585039650,73,4.625904930749060,1
13.539696599254900,-6.491919848224190,3,12.529563403053200,2
15.978799866255200,-0.7111108346605,70,6.769611243487180,2
2.2905283517846600,28.30585101098000,72,8.67788410949477,4
16.82830536895920,21.233027070289700,5,5.450438656022670,3
-0.009892299373423290,6.82862591191777,70,5.5546639286845200,1
-3.460934727056980,10.452207389185400,17,3.8756393767236300,1
-1.7088793751607500,11.677177900296400,97,5.3018588710435300,1
15.165036920319900,1.3236836728386200,21,8.603529128630210,2
2.0318416292776400,15.85066208975040,51,0.5657637720616610,1
13.538480515779800,-6.358132314948280,65,9.695748075571170,2
4.0632325912100900,11.296525607902100,15,5.4469932754352000,4
0.9250595061374330,9.861655606845650,84,7.989425338446240,1
0.37343063017302700,-12.285926884508500,19,5.007439496145630,1
-1.5005735922930100,-4.1470137401514400,20,0.06722661331067540,1
14.311667174028100,-3.7985834433011600,2,7.532066707132900,2
7.058769179190040,10.034360141631700,55,8.124174329203970,4
14.024734437907400,1.235490133752640,39,10.228924168827600,2
14.721742772926600,2.5155176694507700,41,8.95939885756705,2
14.328689264607500,4.324543485473160,28,10.372532617563500,2
5.332654834617880,23.58432739544530,76,12.646886727049400,4
5.077918196757520,11.897175820095700,14,10.701842542869600,4
14.236064503448100,28.323298764112500,38,8.982879014058670,3
14.198753864592400,21.765414637979000,82,5.2518465327934800,3
0.03955474715611130,-0.7162369969629770,52,2.2854308475355300,1
15.158800312741100,4.186254091388690,98,9.301104803982730,2
-3.2617184347575700,12.465875226183000,49,4.382179893157940,1
6.8619802890325600,14.032061123854800,28,12.016701827654300,4
14.785962698820100,27.24165744591320,85,4.687851406700000,3
16.342850655757500,-8.130793457267510,16,10.367015096874400,2
6.524519190695610,15.266145467721100,36,7.045195290923380,4
13.57637547367510,7.529377804457830,2,10.4937939539478,2
0.29585702914317000,11.302090270903700,94,5.585372142393100,1
18.18536482067220,4.341812077185180,16,10.256856738501800,2
3.5615191542685700,12.422262436388500,39,12.946866334769500,4
4.547491248146670,5.97808569912603,61,8.100366033799990,4
14.335757209292200,-3.8499155041162900,56,13.228232217508600,2
0.9088528517664780,11.104188482711500,60,2.484394116910700,1
12.493740675899700,-6.300075707405580,44,7.623195738757900,2
14.270439616902800,2.3746273111712800,86,8.943541451486720,2
14.632542565558600,33.56966735548950,91,3.8913839995643500,3
16.867547502354500,33.398243198069200,98,0.8750803744864380,3
3.0313892555616200,16.207971358354700,48,13.204454502118800,4
-1.0415948106815400,11.707833697722100,77,-0.43117732401631300,1
12.565026050338100,3.6835248156096900,48,10.620398344763800,2
3.9780563639684100,12.652022522772300,99,13.138444898741300,4
12.067205241654100,26.07970443258510,74,2.1792438678283500,3
-4.538241378530500,10.550246464620000,79,6.807181111270860,1
18.85157610546410,28.4026533177509,40,3.6560177955741600,3
2.2455317009547200,15.977801602158700,60,6.9858074027613600,4
15.082102179024100,-6.687758578753230,80,7.419159489293060,2
1.1099235107446700,9.390973448960450,2,3.4646440071421700,1
14.805765631880600,27.3308312203243,42,3.857289318866380,3
13.64335778722950,-6.646136461685110,29,6.286101871477380,2
5.276769617877280,7.549817418012720,37,9.34521470855648,4
17.13498165155480,22.272832799945700,40,6.1004186687209300,3
12.048839075003900,4.13325538967784,74,9.824629231048350,2
2.8835745070971800,17.210456106456100,50,9.809042621967490,4
-0.9863931744967420,2.1014959198053800,87,4.185023400175740,1
11.48792160454490,-7.310738656470030,39,7.908148686547190,2
17.75501330249010,-1.6635877990258200,93,7.684161865900980,2
17.61063084243480,22.887569528761200,69,3.5617050781034400,3
16.99173916948140,26.72166898096900,44,3.18144270118262,3
0.7916153221836720,12.487835854532100,88,3.210424793196530,1
13.56505528198450,21.95157355728290,14,4.741614275320720,3
-2.085547735131670,-8.618839214571680,32,3.0940757465755800,1
14.736685948422200,29.193662934280400,27,4.068211697528810,3
-0.6140947994002680,8.589803967666960,93,-1.5268845325496600,1
-0.7299575579784350,6.1729776667334400,89,2.754698277346700,1
12.278751742898200,-7.320213575884800,89,10.672408292005700,2
13.448139972477400,0.9239687420122620,98,11.079335619032000,2
2.0974970952394900,3.1169097234308000,12,7.4067780726089500,4
16.29608695769920,22.020488404707100,40,3.964157754962780,3
3.3056751495467200,3.1789953124789100,10,10.59544904226530,4
16.665526804348300,47.47413441006170,16,1.8743131525613100,3
14.182413973191700,-10.970970128106900,88,7.780665272054950,2
6.933341913500110,3.818793758410460,17,13.034604180774800,4
15.986810956515400,26.076374900845700,31,5.111768508133640,3
16.180378560972900,23.292354320153600,89,2.654890137472050,3
14.18462164429990,38.495832103822500,84,3.6952617262783700,3
13.011948842695900,5.492715194691470,57,6.500125780200000,2
10.922557018908500,2.439623228144000,20,7.154089578832940,2
-3.463284513605500,-0.09393950069245530,55,3.702114094362010,1
1.1874995907508300,9.83585900965236,40,2.766094988292960,1
16.606790873516300,25.481501623344400,60,1.6845694274806600,3
14.12531559767150,-8.976130109238210,4,7.0982406051629100,2
12.902739793544400,-0.9076030207652820,28,9.889551894203260,2
0.0020599710998489000,5.326066936938950,88,7.865228458950870,1
-0.8574521131602920,0.35314584215255200,76,3.922493938686920,1
14.448563674677600,-0.5825280296870920,42,11.469623679021800,2
4.098517770091750,4.604339134937880,89,5.186407961744200,4
2.4036436269984200,22.44685062165470,21,6.942696761795210,4
17.625761850238200,38.62895800896720,20,3.656843702409810,3
0.20112226371904200,4.8062652968653800,74,5.849305290687500,1
3.684715640475860,14.049392274815700,35,10.567055884677100,4
13.531494087555000,1.0009537018032900,10,8.998107789802630,2
14.760479421678400,-6.048613314263890,6,9.13489392603497,2
18.433462935348100,13.490911017362000,94,6.912993085607300,3
16.1257065045441,29.850111863750200,5,3.464378673988190,3
12.835585449189500,9.765277717715850,59,1.5842631249589800,2
4.5887896656594400,6.951967312535790,76,8.353215130518840,4
-1.206047774158390,9.216023411369310,69,3.6082034229366100,1
14.98705929308760,12.336721660772800,19,6.035505135957240,2
20.903676642163700,33.17601647310710,3,4.0670158775409400,3
0.24777915276357200,1.4287609712049700,36,4.606542324839330,1
-0.465273821990147,11.155093738642200,45,5.328888451988560,1
12.947776113011200,-7.815701406983400,1,6.977815244318880,2
16.49191399838640,34.29092594408750,47,1.3432729504397700,3
16.991217690743500,23.646892187812300,58,4.467089210079350,3
5.661955817988840,16.976700950218400,83,7.004509097085170,4
14.153552421414700,-0.8095918348608980,67,9.108202907079920,2
15.105555315974700,-3.6976164216904200,42,9.459421463749050,2
-0.3164993075079810,-1.702953955549110,98,4.418022094859640,1
15.526953460809000,-3.2138212327460300,99,10.094118645540700,2
4.063392966143590,2.07939921704601,77,11.839038927091400,4
18.217212367903600,34.270186103957800,18,6.097744371228120,3
-1.1132098137355900,2.877100263012200,99,5.053369168485980,1
0.47254045853666600,8.407987367561960,64,4.830411801223030,1
12.70129503554510,-6.034213082237440,87,7.573243168613590,2
16.90223814521300,32.9056014762707,23,4.499595519739120,3
12.818715364573500,-1.101898895085010,85,11.493322942481300,2
4.240541832132640,1.0868936479173900,77,8.119999623668480,4
-0.9617838425615480,6.052490176724060,47,3.833117343741290,1
15.304234766813700,-6.629636612139780,47,6.77164171250558,2
15.999208816050000,37.26549148582210,85,3.1365606276884300,3
14.99849312340480,1.1411879207774200,35,8.223553322994690,2
17.566287820565400,2.9088370644476600,17,9.121630047211610,2
13.597028183381100,-6.051040238841000,24,10.40131646623390,2
17.12952073574930,25.120552281097500,64,3.7521537435708300,3
14.140463196257500,2.8723442557830700,49,9.030304350721780,2
-1.2745047112549900,10.646292985756500,80,3.6580624832037600,1
1.2053724207490000,9.978445892928990,80,8.151186302875040,4
0.12879276927420500,6.159592144111720,91,4.209951658944870,1
13.081334222702100,-1.4484893925335500,71,8.775089819717460,2
18.05724330099640,31.59852659203670,1,5.396179549598980,3
14.918039078155100,-6.171624495176580,20,8.31624389127221,2
14.849337728301300,30.949071315217400,80,4.211022153245230,3
13.85240907624360,-3.4245143816712400,32,8.96128512102945,2
14.665618217302900,25.454503849303600,43,9.762689721061060,3
6.966959756276670,25.192581784699700,7,7.170607988619620,4
14.449982496364900,39.63869306967120,100,5.881572236759670,3
-1.1343567784494600,3.3473858893077600,6,2.862894251041690,1
15.835892283756400,26.83263498334880,1,2.579691330691380,3
14.291112928070200,29.4057727836122,28,4.079969153148330,3
15.796805746355400,10.978744984742900,7,9.988565365115130,2
4.183046658329470,2.7516052245371800,30,7.5492940630138600,4
0.9799499922504590,-1.2011046222165700,16,1.4181905621022300,1
15.001396749170300,39.994025511366900,41,3.219253273843480,3
-0.09045881749724850,5.862713704145280,26,7.767998524185720,1
-2.3093091516419100,9.237992800221500,84,4.725761245535720,1
3.395295905229460,9.407728190795280,37,7.850599560085950,4
13.617200214461700,25.818162965422300,70,3.2179569029548800,3
4.387580689751620,21.96586005728280,70,10.284825040394800,4
12.890889928968100,-9.666336194233760,47,6.36368357071465,2
17.383267689949500,0.7453885003159410,21,7.885260648925640,2
-1.9026218151241800,13.858082448605500,78,4.210743328233020,1
4.388932446238080,1.8993359520525300,87,7.2382974022249700,4
-0.10767085788631700,-7.7178783699168300,84,4.906698435149560,1
6.521855531778490,22.61152072801880,49,11.818667931986700,4
15.91089246513140,-1.8584608688468000,98,12.271660811804700,2
4.854545505439110,8.20092112027298,0,7.388864652241690,4
5.607220315467940,6.119933013385930,0,8.279977209798800,4
2.3857384388500000,17.329959394508400,25,10.670252872931500,4
15.06440358352090,-0.9255994212644450,17,8.739888919398510,2
5.23389805342062,17.316106479436500,61,5.959116835151870,4
0.2436884597430390,8.669472755333040,98,1.7197927860866600,1
15.283421035547800,0.40199838907933300,22,7.989688849629000,2
15.948268535627300,1.7230317111958500,25,8.276650613272840,2
20.606500623164400,30.07996715516740,79,1.9927974849696200,3
18.034024481567500,20.764706238573400,96,0.5413455905274420,3
-2.584824965755200,-3.646330381315790,97,5.680376240075390,1
-1.3703235332126000,12.82122982858720,96,6.36871161437516,1
11.407712330684100,0.47078626408188300,83,9.48955882470868,2
12.138156916015800,-1.8275797920047400,76,9.152946133527830,2
15.053010650491500,29.367760869882400,97,-0.7922233434143410,3
0.14239140736042500,6.242173150159960,54,6.5504427905036900,1
17.308671054872200,29.11546089954050,86,3.6885974465691600,3
-1.9613733956638800,-4.777005422609890,9,4.626369167529670,1
13.878995344837200,5.200817625890020,38,7.696729175971770,2
-2.0809366643513400,8.117274565484470,15,3.621121658090270,1
0.4755975708728300,3.528761115242910,82,2.618042090751900,1
14.239369461249000,0.7544875393593400,67,8.109356225479600,2
15.357939604328600,-10.480356888382600,96,12.122435370128800,2
16.761852166981600,22.51243618204310,57,2.1114624252910600,3
12.519765427458500,0.8877136502101000,96,7.106981925362460,2
14.060595989714100,-15.982541789170700,18,4.406513882673050,2
-1.003796935941880,3.1667940340174800,57,5.710245434049640,1
17.017810855398700,25.43184480560640,22,4.2213686735935800,3
3.6642764720733600,10.291435853438900,50,11.681606460778200,4
-1.6646851045763300,3.149698125706430,21,4.868434703296520,1
11.32015315903300,-4.33662298145148,71,9.653156715028830,2
14.969283118603600,31.410386212054600,29,6.396307694368910,3
-0.32662716478604600,14.970659728659400,59,5.995862779155930,1
15.859682517144200,40.31945691708730,27,6.02317954467909,3
15.607932089316100,21.11340373613660,7,4.969855459986780,3
-1.2485885199320300,7.542415014875760,68,3.0472705570109300,1
0.19862051370866600,7.334396698747430,38,2.493162363879530,1
-2.706720686973750,10.31339715420510,48,1.8742866595506900,1
6.753435516195710,6.194402296026020,2,9.102649157855430,4
15.678086473890100,-0.12065415200359600,27,6.777944270135150,2
2.368302323075600,16.140556418672800,75,12.387383047564300,4
14.541197793339800,3.9469462417286100,70,6.104383266087540,2
-1.213761068299510,13.135203608884600,62,1.7540938836013200,1
-0.5566245339198230,7.938906219021860,43,2.931312895461640,1
16.573090151097100,19.503060919672100,10,2.758482135770180,3
17.929356178736300,21.278322003307400,22,3.112273340408180,3
15.962262696120500,22.167138114923800,17,5.480536945737850,3
15.793624549155700,24.43074836224390,13,3.4179532481031600,3
1.4393316046995900,13.934792338071300,0,7.720456495074100,4
3.7670694359567900,7.268097886115550,6,8.816530287640620,4
-0.9185820054375670,6.5964122693679700,90,4.635676848315890,1
14.962243318365800,4.9861156460040100,60,11.277413963559600,2
1.7861017674389900,14.819284134415900,34,5.684812906725920,4
15.271789972633300,-4.3032559092403000,26,9.122804491775830,2
6.428192323886590,13.588910893994200,45,4.415531093726580,4
1.7238709059265100,-1.0246833765363900,66,6.103085110611860,1
5.508334505788940,7.807122055466930,63,6.3965639141898700,4
14.036619728044700,0.17324162462969700,59,7.726883034003400,2
18.630676946706300,29.62763515756340,92,4.096179953145280,3
16.75798926699610,-16.98707433111250,22,12.060270340661200,2
4.583558047147150,8.276461577693470,39,8.907311463219120,4
4.45695523543969,9.489020412469390,33,10.009629875324900,4
-0.37450256771098100,-3.3186300922331700,81,0.3062926653536110,1
3.6433267488012900,11.16853222064390,3,10.077107206254800,4
2.1124761575220100,-0.9897863773782770,52,8.091025601649500,4
14.029180627053600,0.3457262716968790,58,10.469585423524400,2
4.928044052784370,15.492899047907800,99,5.874552524797000,4
-0.9358839910759530,-0.3979616604597990,26,1.8671551280375000,1
-1.6641563098843200,0.3794559128894820,30,3.4917515354398000,1
13.491715857767300,4.807439993711170,79,8.106360801230680,2
0.23078804152717700,6.345488900551680,75,3.685565876549830,1
-1.2916463749601500,-6.288013105832470,1,2.113712951439460,1
19.813479099752300,16.049430664386000,98,2.4891333210796900,3
15.28011150203420,5.197701469204530,59,10.955171388548400,2
-0.5222097681674030,-2.9844968355782700,73,4.665933316750590,1
12.871846731959200,1.8881854658553000,20,7.50370632595966,2
4.997201103488020,13.462368310388600,88,11.70568464309370,4
17.405377110780200,33.044887150395700,14,-1.3053129870427500,3
17.49707520713290,20.673350783557300,14,1.7631517700142100,3
14.189591516481700,6.958633663477550,10,10.642076314398100,2
-1.3987200592374900,16.917941090515500,44,1.0698569356950300,1
15.329333942287500,25.704629733641000,18,8.309563026790860,3
-1.6086375240075000,2.7864965299122000,97,1.5479362497733800,1
12.309467683811200,-5.30755836335945,58,8.293637267887220,2
14.494860710094300,3.960116789019750,15,8.551142690184220,2
16.98170708263830,27.32185855818890,7,5.623343056699320,3
15.499004147124300,29.968495194971500,61,5.80868188199346,3
-2.9226223118595100,7.559191448221620,78,4.25872224678808,1
-2.8755906335502700,4.755181647235820,48,1.596154738891440,1
-0.9409970770889220,-0.7001267902131260,62,1.1335501832879900,1
18.286017339976400,18.2969800235888,100,5.000591112868440,3
6.841795676376130,8.21322485669123,21,8.945693600975620,4
0.32563362218607000,19.056575243837000,39,4.413248046904620,1
17.494816444035300,28.948462059158800,85,3.0868472861418300,3
16.156989294115100,14.604796749973100,76,3.584504847981680,3
12.277480139084800,0.3486688819214450,80,6.6235009692276,2
5.931442593412520,-1.3090778747465400,3,8.038434751156210,4
18.66681789722510,18.424938987089400,25,5.995104272917600,3
12.86499694888090,7.070728908600170,49,8.591869717177880,2
16.533785430356700,36.5914412992252,73,6.068424526100530,3
15.550733977851800,22.61811319430410,81,5.119793732876030,3
3.384438618284850,9.713189668003000,70,9.226244526011870,4
3.3073822050903200,1.3091339583703200,40,6.626958278434500,4
0.24813052932021500,9.75053900035357,20,5.320560475289880,1
5.076956733491110,10.913202945013500,2,6.936278144170250,4
12.277935145773000,0.16504028657296200,92,9.902605149913620,2
14.282119950203900,10.897417615844800,26,6.045912729197110,2
16.140303970858600,30.73054567825840,70,1.084561387203200,3
13.610664854330000,11.795065426921800,100,7.05998122134223,2
4.573189958589200,10.870314403409800,38,9.995229525041780,4
6.809401369516250,5.134441298446000,66,8.80999373943966,4
14.384778425462200,32.934143479285100,49,3.219984469483950,3
17.834810503800400,34.00083690607370,18,3.5041739956224200,3
-1.4182131460471900,10.23900215492850,67,2.1957006084842100,1
-1.1170995284830200,-6.734166549235950,78,0.7294151954280550,1
13.911151904560400,-4.430570247536290,69,8.668714008795440,2
5.472591275281250,19.247277827388200,91,13.509226484143100,4
15.490452235472400,-4.684972414560300,21,9.857129628273640,2
14.97428616431430,-2.178788752629330,100,9.975330291825260,2
14.691967370099900,8.730630424816230,55,6.859230016193080,2
13.525884456659200,-12.665884940031700,41,8.219975319524050,2
-0.34181499966672200,8.960356565779020,23,1.9581181267218000,1
13.654966330732800,2.048636088056220,37,11.138385334646600,2
1.2738440676280900,6.649303595671400,26,3.5666065299491000,1
13.977253423745400,2.0711406219822000,34,10.199246226513800,2
0.8857073373234130,17.59295290177360,16,3.999145409045830,1
-1.3273636844778600,4.4761289291487100,24,2.1208701046350300,1
16.383458662748900,13.191683824420900,72,2.0814686855506900,3
11.839553316551600,-5.096477863543950,51,6.770778421349180,2
-0.12569332594215300,4.778325835664040,36,2.21449448573482,1
-1.0784911408982400,6.2194701561194200,10,3.9435406794187700,1
14.595698457667300,23.099515504793900,26,4.736160910591380,3
15.84643768159450,39.589277640206100,90,5.148845044056760,3
4.746388281861740,18.478340678623400,71,8.364708339915750,4
4.522004863226780,14.079312056508900,59,7.732519350870810,4
16.313616622106700,22.722603048704300,46,4.969770352064800,3
11.806888066450600,-5.697738514111400,52,10.62680051550750,2
15.1814692694045,-2.510539985963360,52,10.17890331687770,2
13.459563535766600,4.583660050928670,14,9.304652435109430,2
0.30750298115043400,13.755663069792200,58,7.417422206400890,4
13.628100576138600,7.807910819163990,59,9.719647816697210,2
-2.5429495985517600,11.414773514873600,28,9.593602236094860,1
3.1755122021433200,3.3091537004198100,57,9.641021203167650,4
16.89133716212060,24.124969469224500,16,3.792878185776050,3
4.040407352359500,-4.531746144484260,26,10.035350857283900,4
17.41277742057370,22.697492342469600,76,1.851164527856070,3
17.253369627595100,31.846818252396200,38,2.5144013114552600,3
14.66663573571140,19.61731478612120,14,7.555941519263580,3
12.183106538601700,-6.822193434146730,65,8.152773681475980,2
13.03452475508140,-0.8587223673595520,90,7.516934684097990,2
13.754539639948500,-10.85947569583620,35,6.881602147495110,2
18.40634998014990,36.865812761668800,36,2.706930443125920,3
13.369030271799800,3.140693200851120,81,7.272943218342770,2
14.51436670786800,-6.67104276825844,5,7.144371132679820,2
17.387493128780300,3.9226089350860300,0,10.325558500667300,2
-0.6159665426634460,11.877325174229700,91,-0.04315686868521420,1
1.7028375036612000,7.270327843939530,71,8.787479335266590,4
14.023372869008500,-1.7291653309887100,91,9.006622914657350,2
4.225879086324420,16.398104721857100,25,7.446416060537680,4
15.645953756555400,26.611648388049100,67,3.302780774109980,3
3.7783923978814600,14.522340846328500,96,8.779849211752930,4
10.680027695896600,3.2157966910655300,40,10.950644870779200,2
-3.6429502257187200,11.585089127052200,90,1.7798076155756300,1
-0.7446767151065130,14.698642204260100,74,0.6176654032361170,1
20.7402451161882,33.06301441619800,47,4.3754863818514300,3
-0.05904286341150520,-4.687679349400880,73,4.735942959929360,1
14.816078741875400,20.62041937728810,6,4.915988824569830,3
17.643544767433000,20.097080835689700,6,2.202846850574360,3
15.508365178625300,-4.7062524785710300,74,7.296002909252590,2
12.065733313389500,7.525282909809,27,7.567419343665500,2
1.32110832567118,1.6958951200598000,42,1.8874025068933800,1
-3.1918506530536600,1.1791520901896000,60,3.2927395512000500,1
3.517591798719990,8.382985562707360,85,7.951291386939860,4
2.7860755245241600,7.500772296974460,15,10.604097839749100,4
17.746879761537800,31.652501677804700,5,3.771019505862260,3
3.9194358091380000,11.83313195322240,87,10.33352011675870,4
1.2379156444177300,5.173882721589220,26,3.249059542225710,1
4.718252449883920,23.03431089614850,94,6.983507261537520,4
4.633244597298280,12.734803135985300,46,10.624121370514000,4
-1.3794396004057400,-0.9488482261715140,23,5.2398103108141000,1
13.84098154720050,5.708862254536840,96,5.9602373482887100,2
17.1981675069646,12.749446045633700,45,8.472311747419580,2
1.6521482197047800,15.36290260334550,1,2.9792179647660100,1
17.05704203965640,34.20022473779780,65,3.932644745244570,3
5.141846326650950,19.178031243404800,79,6.837562961742390,4
2.6164515902788800,12.24059601453830,94,4.988675872122330,1
17.888020374238500,33.14152589711510,57,8.077721723301,3
2.429300576921280,9.874041805876360,60,4.712677366631360,4
3.7342094454562300,13.535990230864700,45,7.146850825105710,4
14.772926302529900,0.9521093764453120,61,12.533734216121600,2
15.774187408730900,36.73723101761390,7,4.659742134785780,3
12.966234490599200,-8.79175161169288,68,8.574755378718670,2
14.309018801676900,-4.2068308179618800,89,12.43226799709490,2
15.952657879170100,2.216913026257870,30,9.127640113304280,2
15.979578210819300,30.093777210180000,5,3.2927362445599900,3
17.57658001951570,14.533032412066800,19,2.16943408652014,3
3.256548352187870,21.967316842458900,25,6.98229145934667,4
-2.856155680963100,15.222493397226500,63,9.542766816024950,1
-1.3233091588700600,9.481731398555300,78,1.422176464874400,1
4.118696642091330,17.653187156598700,63,6.8684944425810200,4
15.111923400751500,11.157892755717800,78,0.17782522497734300,3
2.8939583713929700,8.307214313503010,84,8.719486822379700,4
-2.5977909971179400,-0.6453818070929880,2,8.639857320648850,1
15.041211642308500,5.679496640610960,1,7.244334835335560,2
4.843781338024300,9.110658389715960,15,8.013496287532780,4
14.933958198965300,1.9519158619253400,98,7.084286273630850,2
16.13441499724800,46.754242739403400,78,7.888486706267890,3
14.0396403908589,14.29400631297320,81,7.2368421624453800,2
15.244045244776900,22.27707902614810,42,2.649870514594170,3
14.44622323148810,27.288485513236900,43,2.1213033073394200,3
16.111691015916400,33.86394345522310,1,6.067424356480190,3
4.126046221037490,8.389217797007860,30,6.164434725915040,4
12.004372619622700,-13.86379523463650,97,13.069604851225200,2
1.951668636143830,14.465621709349400,68,2.2834629867742000,1
2.1830095249898600,16.572220493447600,56,2.9449487599977400,1
16.7139811791125,30.05529253414060,72,3.4878946524532900,3
18.318470603382900,36.770591663443000,91,3.993796023109750,3
6.659570865940650,7.756584440507810,100,10.596674350861500,4
-1.031187642952040,-2.762759599315640,60,5.003349525629540,1
3.6999338414390600,12.7660736128561,45,7.760312218389180,4
4.4501602318606400,9.515175828265020,68,8.72897372136765,4
14.8363039026637,1.7086072270743900,81,7.461613790436690,2
4.831267656681820,15.232771751420400,32,9.332639551103130,4
16.973617055840000,30.103544318661100,68,6.032688126134800,3
17.891880185024100,34.231109376470100,84,3.333889175442450,3
17.401345954867700,16.923326725830700,54,3.694533032331060,3
14.95484739468200,4.700409779005610,61,9.685546242796770,2
4.488277000116200,20.20595807629060,27,12.897635909068300,4
4.8268580350716900,8.075540051302590,41,8.720306086306580,4
14.677061124147300,28.3932257488827,59,6.364010134277290,3
3.45788924226129,13.647144365913200,13,7.376447631281010,4
12.358371782445800,-2.000987270214910,44,9.702316135639440,2
-1.7278117546676600,4.530939914051380,18,4.370264652222070,1
5.330548345034680,7.162165503627320,33,4.716756989261160,4
15.249528116226100,-13.203119128119800,20,6.348902973305020,2
13.588359262711500,-2.9774641961063600,18,9.235769216687550,2
13.379243594201800,-13.300921932717600,17,12.45257138977320,2
3.7730597742270700,15.015112107706000,62,6.460611574230540,4
0.7068721644032760,14.534672054163200,37,1.7011180507583900,1
13.94833214025450,3.356643987591560,56,9.320839017163450,2
17.24316971359230,14.074468602803400,28,5.918872795059220,3
12.984407681397700,0.5304986080761810,93,9.214528497141850,2
14.384922463619900,10.81159274176420,8,9.323986759131450,2
17.932275745723400,13.283944672784500,13,1.3366027275617600,3
5.104307866877830,14.34871986730830,19,9.62452650266124,4
14.928903842062700,1.7806264278927000,89,9.643425757247660,2
-3.3821132269209200,9.332366786041190,73,5.136982628688570,1
14.955862220542900,-1.6225517574984400,54,7.206647576291900,2
-0.20344816760561600,6.070098541621410,79,3.6768164331543300,1
16.833694612630700,21.519928543606900,72,5.797488517056400,3
7.351386009760610,10.123136966411100,40,8.813887332740320,4
15.204044018494600,21.231776920492800,8,5.015349142411840,3
6.313093265227810,14.836782189565800,89,6.647274417097600,4
3.1507005260776200,17.91624958536580,0,7.406216940951420,4
4.898391067567710,17.733990736108400,37,9.5003719170554,4
16.95669405003810,28.365239559875300,8,3.255569764673450,3
11.106654616206300,-7.089775132163450,16,6.290564062907080,2
4.565338797596950,18.34858475888650,92,6.100634073617000,4
5.643107638677820,7.5312817658112800,63,8.648247740666010,4
-0.999355936464865,13.1819015886559,30,0.944302818484362,1
18.322573191524700,26.662197459642200,41,4.366421713872070,3
15.160886311146400,-3.218536928340110,81,12.211539134748900,2
-0.1998810982186630,-1.0711870775919600,51,1.158356706866520,1
-1.8188470100948500,10.108333816623100,55,4.636555889227300,1
3.4190160723568300,17.013838129924800,39,8.929883524928440,4
2.592881272141250,15.898992012871400,75,5.67530290015528,4
-1.5190800687768100,10.58163185122750,57,1.8132961267370000,1
16.754341729328700,24.842922322731500,25,5.1757518601142800,3
3.1860021339205900,10.954562471673800,46,11.345105989421100,4
-1.4667439441755700,16.50978963717590,21,3.605175110397720,1
12.919535760781300,6.363460889598150,6,6.606225027207280,2
16.238760379534000,2.9006551435875600,65,8.171868789322390,2
16.986823595852200,27.30469779669040,95,6.271223139831960,3
0.8028549170984110,18.651035579904900,61,0.9078760444615670,1
11.9321844738367,-12.898663166245600,77,10.042299413429700,2
10.571317897818600,8.207091039513990,35,8.180550923740030,2
15.970111973537800,-6.824972770424520,10,9.883555579853060,2
-1.9476278614439900,-1.1709502541436000,47,3.2195573449327400,1
14.136641254506900,23.8116507488335,47,6.175364893781170,3
13.609535064226900,2.390115352206560,32,10.328411496480100,2
14.97415237305110,8.430032882913750,57,10.008475459199300,2
-1.982381131967760,4.565136794343530,33,8.262490404620500,1
14.359273236890000,2.1634849934318900,73,8.635878935465550,2
2.4945972474217400,6.658775669850100,5,10.813622962044700,4
5.498713804815240,16.0819604766513,63,8.796495629729670,4
6.276252231427010,10.28480458706120,16,8.946960800896250,4
18.05751274256330,22.74118259192240,98,3.809068222276850,3
-0.3481556795166730,17.77341060585660,97,8.520863292390500,4
-3.001979053389950,1.803831627220410,28,1.2826174844724500,1
2.009061800473830,11.339335405728800,16,7.212285142939960,4
16.015312002864800,21.448341472331000,54,1.9403069432452800,3
0.7532455081371840,0.8887054505907700,52,3.404417610646670,1
14.743084574798000,27.984383012362900,56,5.077685731158970,3
15.619380118344700,21.15794585756110,42,3.8096134646887900,3
14.252899912803300,-4.771475719526680,37,12.836072388183900,2
14.926649225718000,16.968757417562200,82,5.398028542890350,3
14.053266283743300,-13.010772407508500,0,9.409411434915250,2
0.2889202198185300,8.768131502318600,35,2.6732116640673000,1
15.297751640992200,21.147053077440800,90,4.082369598733180,3
2.4934239767915400,5.739302065889250,75,10.36969131504730,4
1.8467159432582900,7.273657832394670,52,9.913937985119460,4
16.15897337612290,23.82032983344680,55,0.3024141932658620,3
16.043655540972800,25.458753348087900,39,5.6287252337421500,3
-1.3733781082098800,4.880484828478580,29,1.3366502928442500,1
13.87478549067180,1.2924999331694500,7,8.371710363495440,2
1.127689266953520,9.610776369919460,68,5.943970335359480,1
-1.6434520234912600,2.1102488009989000,30,5.239422321201590,1
-3.0941666334396300,2.8491844507124500,18,2.5125071356930100,1
14.366348024915400,-4.549161472759690,73,7.154832417552130,2
1.161362238733830,18.42262628752540,35,2.856041470011000,1
17.471884497449900,24.19163632300230,81,4.220252798935610,3
-2.6299954502082100,22.031415994230100,47,4.908794322879490,1
14.811398072678900,-8.536593374068880,24,9.085564880297250,2
-1.012569114242500,6.8684334932157900,8,5.716348424815510,1
18.118709147036000,28.05585080151640,96,2.763424960201340,3
16.16898918914250,29.69784053768280,60,4.447607588642040,3
3.2214870196199500,14.590694876161800,22,8.783713276603940,4
4.60238764643402,17.19942666285800,59,10.273120080766300,4
-1.008672312282580,3.148392348582480,44,3.1458946126107400,1
4.918856638000380,9.842939021264580,49,7.643660338666190,4
-0.33518114343783400,-1.6414606073786000,7,3.128996193276470,1
-1.1972141563433600,10.156392059410400,64,6.9254219473002800,1
4.173948124260980,11.399534573277900,68,8.747030194419380,4
14.25375010883940,1.7495461562418100,11,7.209430663843900,2
14.97419834813810,-0.2119781588259800,39,8.788535101794700,2
4.36709374515679,15.890125718444300,80,12.356042872926000,4
1.6160154748593600,-1.111202031905410,7,-1.043289153140480,1
16.32716150132860,11.890671747921300,34,3.71501323441528,3
-0.6256587722796520,6.998527052777080,92,4.888464528544580,1
4.034809198374170,12.14110034077660,38,7.36147600293976,4
13.939657092429300,3.2837590727457500,22,8.514365052620290,2
4.089935883935050,1.535444564965960,94,5.99233470260708,4
0.3838685169019940,20.327982589560000,51,4.577538313528190,1
15.614357215762400,-3.3067053434549500,40,12.212974869802000,2
15.574098244107300,3.991523594244350,39,10.987224257389700,2
3.6043649796916400,13.922584274781000,3,7.254197628510890,4
15.507989051393100,27.678597237075800,7,3.224185697017520,3
-0.16086258605824500,6.701265421858460,72,3.1010135256766500,1
-1.7726726024241400,0.6812202511300050,36,7.552747976141990,1
0.01149069790834880,5.303128993817560,51,4.522218116378070,1
18.20948767086120,27.06537034774710,5,2.5736861900980500,3
4.171181731972500,13.172308864037400,2,6.854011378202590,4
12.97868087760390,-11.581837292837500,87,9.763506606857230,2
-0.8518484030173340,7.269996601848850,82,3.927287801300350,1
-2.551926985601630,9.846407033383960,9,3.775631766581510,1
5.638933886094550,16.876778954974100,96,7.920261330636460,4
0.3798895851534670,5.377486212895610,39,2.907550301035390,1
-2.131741209592740,14.101109045266800,34,5.261244047006980,1
17.912727315419200,30.88264589712450,71,2.3584980861268200,3
16.567900074637200,21.591976374294600,49,5.903139287276950,3
-1.4459634163555800,3.271109368551240,48,5.869209670447500,1
16.262474816570900,29.748712088794600,29,4.700924470440120,3
15.610581603092500,-2.279475585903170,97,9.288995505964240,2
-2.714230870636810,7.322969570943660,95,4.2924712893133900,1
-0.8482980903726280,4.177301724603600,10,2.200790855826340,1
1.9724328925723200,9.075107728037870,70,4.3245096381533500,1
15.038200762787700,11.286013051686300,34,11.140896958444800,2
10.531120609446200,1.7997020716387200,34,6.991651288341550,2
1.5966543914376300,15.041457824976,39,8.112276422115880,4
0.0029281881057277000,13.571324237245700,30,4.242315909761350,1
13.817637849674300,6.660969902120220,15,13.264072239890300,2
8.738862104558570,6.652120814551450,20,12.26344014483370,4
3.8540092865468100,25.26022083822420,88,7.984882119389550,4
3.76320999491461,18.1350212672353,56,8.943486581037000,4
15.091255671227500,19.27044343367600,67,4.29941341901056,3
2.1032509604444200,15.57143729401810,75,4.494991086873850,4
-0.00248810370678898,-5.843792522867260,20,3.5711514536650400,1
3.8223152925537400,18.07141102601980,24,11.831419911502900,4
13.940118796208500,31.084401927536700,42,5.23269428144923,3
12.298338330584700,-2.176363579183220,59,9.704348133734540,2
15.430894101081500,-7.305667410270720,5,6.524082501818970,2
16.824369305476300,0.9185372307005070,42,9.884763473469820,2
2.084535731597660,5.0017730422510500,1,4.840668589314650,1
17.976395436818600,35.81235638919950,13,-0.38331066557422000,3
17.405699207103900,29.431881981111800,43,3.2876088560137500,3
6.851479331236070,22.58095903892990,11,10.399307755844600,4
7.954228205640160,6.185125867591680,65,11.765302881123000,4
13.024945359122200,0.8733378332191790,33,8.012917504656550,2
2.4530805605447000,-0.22347323691854800,37,4.882199871168910,1
14.66871665040670,1.1848554190824200,48,9.160616177617440,2
-1.7953066402381900,2.8320030287577200,91,10.336285333065500,1
13.294911370923800,12.880398229877800,76,7.083591601875010,2
-2.045302053493080,0.9378859785922200,46,1.7448830362231500,1
14.96840421147720,-8.561369452311940,12,11.944851988453500,2
12.714322894330700,22.139328596813200,69,5.0839789841378000,3
-0.6753862010525750,-5.453110899608970,33,2.2461719755300500,1
6.257140136996140,15.461676693121200,82,12.585488193697600,4
4.963469957906910,-2.137530321613800,66,5.458420053527970,4
12.938436192876500,-5.960771689701380,97,10.275425434587600,2
4.23480385576511,4.432857668823920,88,9.04874536433322,4
7.013006721494610,3.7627822852012200,4,5.605040010906950,4
1.681622727192840,-0.6705978120924770,60,3.8839045382124500,1
5.960219391994320,23.687486753867500,81,8.824126910366490,4
14.266309945799100,21.574568385351200,24,-1.0061026214430100,3
15.085769331159100,-6.539995637180660,63,6.81818569624151,2
14.565574816217900,26.54767009285880,45,2.570365810027450,3
14.230875746876400,0.27569816907182800,24,11.341891552091300,2
3.344638590653520,21.375093646173500,10,6.8601986907437100,4
11.642069871236600,-5.7334724322408,14,8.417964561410160,2
16.4554966774918,30.601527758876900,94,2.5341773898929400,3
14.602117278886000,25.505488480605100,17,3.0896265035089900,3
3.7324719806204700,6.692808824705820,81,7.530646115275810,4
0.7342290009771240,9.680652114138790,51,3.272190853300510,1
17.053831689463000,23.09630996364370,51,4.499868671162470,3
13.898205575673100,3.343882120771430,53,10.978858380332100,2
-1.9320383405355000,16.206269159942600,91,8.314763785545650,1
2.5622551971808600,2.656593254410250,89,8.923344715983560,4
14.618413212970300,23.546183353245800,26,6.897195629011030,3
15.680628784346900,0.7817182469582240,15,7.216451101098090,2
17.341615198600300,1.3142701065954400,70,9.124728543346300,2
14.992122912740300,33.29643458081800,58,1.0293883922172800,3
15.372019582188500,28.253473765670200,85,5.6234419885766300,3
5.306561404551600,12.166628022859300,99,10.647559930494100,4
0.2578352150291720,0.4163173658114000,68,4.495197298681360,1
3.5078270752482500,7.1536155635448,41,5.578817049215330,4
3.4162281687981700,6.40845179986237,0,9.200468506775790,4
3.325886696210930,20.578450285036300,31,9.89932957785648,4
17.37817811189750,38.57756819352550,6,8.610626625970560,3
-1.4648654204163900,0.1818572261333140,29,2.1229375012080400,1
13.724488925137600,0.23188048171885900,93,7.336082854231680,2
16.501973997603800,27.91833209478380,92,4.677453158717930,3
-4.897133027149830,6.8914990694477000,73,5.541335073168750,1
3.8712429098727800,18.367968131432800,72,9.538089574497990,4
-0.186151502070798,0.501506489285199,59,5.653167943845390,1
17.084504072175800,24.31731706785850,55,4.382735153040320,3
15.047858050632800,2.0960724696875100,58,6.938359378689280,2
15.801303179426500,8.863155239851980,31,7.955601443024000,2
12.71550271553490,9.762802248335740,92,8.71276459623537,2
17.53198127826000,32.703151230173800,26,2.7904100637832400,3
1.5095547496823700,10.327260794302100,82,1.5214012264189100,1
16.017193604819100,-3.161875820633210,4,7.568951772092560,2
13.43717148674680,2.205028907480330,13,10.121316266481800,2
17.43496467567660,27.097294110843700,38,2.4671646267310000,3
15.815892089858100,12.652740044073400,72,1.890183755364590,3
14.012413346130100,-3.394267215599500,0,9.640585060385850,2
-3.6592865351222200,-7.976221028377990,36,0.8689080716849530,1
12.992501297651200,-4.087818842144850,67,11.168110291720600,2
13.750032060127400,3.2529923313802100,72,9.528072968546400,2
13.4576310690411,-10.211191631708700,33,8.816301918972090,2
1.8583919566115600,-0.1865708410247780,27,12.042684545319100,4
12.768924794508800,29.66129010227790,42,7.453018046940460,3
6.922178665834950,6.007333091049220,27,9.517884464167350,4
16.340579959986300,26.979124287341900,41,2.962330614681420,3
14.338273915668100,9.834227891681370,60,11.9463748200916,2
5.149161099192200,3.597971791540170,31,9.711115080904050,4
18.87980310085270,18.191139957942600,70,3.8200890756851900,3
16.062018136045200,23.6810188780066,57,0.2276968421608610,3
14.398033081121000,5.556787522853530,53,11.049508112415500,2
-1.3002689163289800,20.608115695168800,95,1.4702217797233400,1
4.374006281038530,2.1716343764813300,0,6.441030802692390,4
5.462919875998820,7.801447023984170,32,8.189270510245870,4
7.0927634969534500,8.369861208208960,56,9.498958629541550,4
19.58713769724430,31.86896223607200,71,2.1725304189460500,3
2.7483105220194100,6.640680904447300,20,10.214886010226900,4
17.033320646209100,22.99333675019470,31,4.085938841363320,3
3.4599498802699000,14.923221412618000,30,7.317949371684780,4
4.12902783081969,17.686787541377300,30,7.727555582022080,4
15.379663308002500,35.37206800513020,66,3.490235677870120,3
5.019365274376690,5.21020227794547,39,10.769600465506200,4
1.5105805278103900,5.784094511776360,78,3.3301018307852000,1
14.281661221719600,5.976198887795500,98,11.22109268155530,2
15.879897441658300,33.0631363979477,93,4.544091520014210,3
14.950788453016300,32.954905586299600,59,8.85373717062707,3
3.2464235576528500,5.273929523166270,100,11.86755053577570,4
14.33967089702010,19.999979668226100,83,4.094166584771980,3
-1.532116601063410,-4.582368678924840,1,4.421117217522500,1
2.4729880865874500,18.874271612972300,64,5.064520603537130,1
15.084890950487000,-4.960133627592240,69,6.580409913634790,2
0.530433105710884,-8.194554973445130,51,3.9031721008381800,1
16.565209698287200,22.738804794643100,77,4.805373696753780,3
-2.762526685273170,11.875147664787600,89,1.0615198963866300,1
17.687160630581200,33.64574974857480,80,5.970441757546920,3
2.413431822361680,13.420452264620600,27,9.793290525742230,4
3.575642797428800,18.73134855750300,58,10.11402742471130,4
3.9137887676340200,11.822666614856800,60,10.047833094020100,4
-1.926984711852680,14.529404416494700,42,2.364986713002340,1
15.12968443284090,-12.850130460242000,12,11.406499420917200,2
16.45249053339920,30.090876385261900,18,6.181817380011830,3
0.37189580223902600,7.4983579814945900,15,7.389054849577500,1
-3.075487757652200,11.469920113793400,33,0.3559710599389270,1
-0.8442657097565760,6.353981694447990,54,-0.23104828852877600,1
15.729246424165400,0.6170768511088790,41,11.15234757698720,2
16.264767256487200,33.66603714921420,39,2.276781783948820,3
13.972031980548200,32.6482933152164,17,7.783437333721590,3
3.024006940835730,8.903674344665360,38,4.810398163026770,1
3.3742081340266200,16.3980424535553,82,10.326132112573500,4
3.49104101340774,15.424277986387400,42,8.110154063050140,4
16.344518457947600,-5.830177414001580,5,11.77155150453190,2
13.356412084360200,11.752351881263600,66,9.141668372740460,2
16.11801785678580,-8.082717992956080,63,11.24105756148250,2
-2.480298952328370,5.876972206212640,31,4.101449916674550,1
13.967789836496400,35.17251035222930,25,3.595762565557420,3
17.088623529972000,23.49793006882920,100,4.557920520537920,3
2.3769400534888300,8.214671718160160,4,7.233585180678030,4
12.413860251548900,4.3668181968438500,78,10.515658510517200,2
8.172163737943120,21.94728321722520,39,9.905466829907650,4
-3.6553335120786700,-3.752618582596610,43,3.414646591443550,1
1.3586007458715100,7.119041491451230,27,5.3872858154303800,1
13.719109733132100,-8.165308006089280,29,9.052542050281240,2
15.124440823389600,-9.586556011856140,66,7.302160990886720,2
13.297762518127400,5.037938403874270,42,6.725861496475330,2
-0.9019052461115850,3.1460357776159300,93,3.22014669148935,1
14.37817198317020,-15.631621107950900,67,11.594652739427800,2
-1.7002266785082000,18.928783956314100,85,1.5706956095536200,1
14.513899401352700,-7.8744147900097900,66,9.43654150497092,2
15.4132828796876,5.212011777805000,35,9.45921188442995,2
16.644449410357500,-1.3016021773878000,52,7.15080102494769,2
-2.749261760679230,8.298709220450210,7,6.642974748281090,1
3.604737430804600,9.139068675989190,17,6.45145956501216,4
14.643617604754000,6.836691154458650,13,11.27762043266180,2
4.0775948135048400,9.042498421797710,9,11.301661567822200,4
1.3795016571280400,18.330467529286500,15,3.6809210549084600,1
16.914423559909800,26.627133666261700,92,5.980635187955030,3
14.234793903424000,24.200476309500200,5,1.9788315375856900,3
2.0206605366942800,13.765612244241400,6,9.96410064401103,4
16.337218763418400,27.23508039479550,56,4.879540764358600,3
14.412538583989100,-0.8996340756449190,48,13.860248519206300,2
14.943906374062500,-8.299567054893980,43,7.956300847812380,2
3.6054863539708800,15.88709722665680,76,8.847373272162010,4
-1.0452180752537500,9.374760056371380,64,2.1604328542888500,1
5.119034180532040,23.549200225003100,2,9.934421065617920,4
1.2817190749513100,3.2357656069155600,7,9.801833671214690,4
1.2795280425404700,13.367236774978800,69,3.271904210356030,1
-1.3666466299163100,4.401303443749770,58,5.259541105906190,1
-0.5582440051062290,2.9369075146466900,62,3.352285417459240,1
-0.5422911808187680,4.634089665766580,24,3.0794387417948800,1
14.082176428317700,28.542306018953700,43,7.886361704390470,3
5.342442095455630,6.955901742844620,6,10.411119008627100,4
17.011387549720700,-3.3979263099002000,90,8.911675994973500,2
16.588732963329400,6.577805613276810,3,8.920672375581720,2
0.006071020435349130,5.560878224926970,44,2.8316960414823000,1
15.8278506878593,16.398210698685100,2,4.931811170909140,3
1.6060268820816400,-3.6827931542160700,96,6.900070253297200,4
4.081410348090890,7.589649795077230,79,9.256577446164450,4
13.576923452554900,-9.246143771704090,18,9.110605647063130,2
3.998375049329630,3.459925320260230,0,9.82647039183935,4
2.1393498005894700,21.210546097393600,38,11.36223667748880,4
15.099554683197700,32.18791329519500,7,2.5382462329625800,3
12.213649745162100,-16.862109239110700,6,11.250248799158100,2
15.339651172691700,18.291446169823500,75,6.435187216524810,3
0.47911912858515100,2.702952592173510,54,6.975340772552320,1
-1.3427328401700600,10.794246778589800,83,4.4668137603156800,1
18.765384383507500,31.729596805360700,27,6.431946000240160,3
18.05205397928160,32.14424196213720,60,4.947351334686320,3
14.66055632717820,9.985578245571300,36,5.185629119903340,3
17.577219352966800,-11.63179368998450,60,7.036289530767070,2
18.561329336775400,24.3734429122403,67,3.4162913238731700,3
1.9866553584657900,18.06370047709420,61,10.637360265470300,4
15.739991888232200,22.74935456707300,5,6.619999085687780,3
4.355308616434050,15.619383623479300,38,9.585110751386480,4
14.569513054170400,-7.4717425361270200,38,9.387267896307030,2
2.3782168262333300,1.000718928338920,34,7.766011021005770,4
2.931716039397050,3.876082408695190,11,8.51796720683467,4
3.8724724890669500,10.549829008526100,83,9.985260417019460,4
1.2035246676102000,18.72813862459300,29,3.629373920869810,1
6.7843078155116300,7.55480701123982,32,10.75930286653160,4
-1.962978080356240,6.42685633180931,22,3.868299018207640,1
17.13473200950640,3.3710138952807800,60,7.447417059053230,2
16.684724633100500,29.005715064863300,78,3.6848896041343500,3
15.301136324656400,4.848926691736150,50,10.916489743070900,2
-0.3659678334375210,21.26293087702910,26,4.895669953556190,1
-0.878604252055089,14.927442233076600,20,-1.71854329781676,1
3.926505349586840,19.2852842159239,91,8.38038223680417,4
5.354281296953700,3.4358670633440000,40,7.74549565802586,4
17.029315117573900,32.357181996964900,66,3.5616000577976600,3
13.58696193549090,30.352307220469300,26,2.5607456403617900,3
13.718280344954200,23.643318634857000,21,6.983680241637200,3
17.822052546924300,15.907292508261300,29,5.51038138817063,3
17.17432784034890,19.652882395073200,27,5.7661017943094,3
15.802639792598900,22.386271179115500,19,3.8391603315714100,3
5.727777873107450,-1.2714323170087900,35,9.580124301933570,4
15.102806137274400,29.74285356133770,1,-0.6311998439495980,3
15.20418913228090,26.80386597114190,2,6.219921620720080,3
3.537912774113760,7.728342548902260,71,9.910095926643860,4
-1.0370049916810700,4.499317910870200,83,4.713486109398270,1
-2.9614775015635100,10.93671429750240,87,0.094477303254771,1
13.851068309820200,4.287586425259180,87,11.653990596470900,2
13.911827963124000,-10.56855074698280,74,9.250368838059400,2
6.776900429636270,0.6014156448010900,82,7.64087516506086,4
-1.669786006027640,-4.191798359413670,37,6.579551650448330,1
0.31873217892575500,10.141829732920500,88,3.0486923362920300,1
10.78636626868580,-7.035648473682460,28,8.52606438210788,2
13.079897365270600,-5.3489661853805300,83,6.843705916304030,2
4.867418949330520,8.97795450381167,74,7.98346130096987,4
6.1444512353298600,12.898083842613600,55,10.388141536032600,4
14.945630485685500,-4.890856020445640,49,7.921023248703280,2
14.627853971090400,22.05970825746240,5,9.249182634861130,3
7.8861770806221500,9.18176708348092,61,9.936008882180640,4
15.2470317852719,2.33838498749875,91,10.66365345245890,2
16.19682416866170,30.922997646091100,47,2.4852617298650000,3
3.8937586997228600,18.226762745896500,94,6.260889762242190,4
4.233059159602890,9.145976632185520,62,9.035648386734890,4
17.059630228598300,28.298878984834100,15,0.7502298400650630,3
5.935010724059540,4.537661710875690,40,10.609571425322800,4
3.1579644890394500,13.472132110540900,45,6.962090036243730,4
15.179877957146000,3.3505102809835900,1,5.295659483400920,2
0.7653052009319800,2.1834829709860600,35,1.4492863834334100,1
2.5871626065468500,19.71628486433650,56,9.248719706945790,4
15.251571824854700,25.82618993150860,92,2.674648070038040,3
-1.6207625741643800,3.3196232300032800,28,5.784748975468330,1
5.1208797173103000,7.829054752493230,67,6.435741749426200,4
13.105536334154700,-0.9949162118511070,27,8.901917615979160,2
14.264262472065500,3.974465533108030,58,10.601845925276000,2
-1.0821092998605400,5.110470733862070,99,6.015414712467440,1
14.060170778844800,2.947361933937580,33,11.23380577739310,2
15.47867049442230,-5.809574916911970,5,9.870394437400990,2
13.962795440914100,24.29105354800980,22,4.523804264717190,3
14.097904388789500,-8.670703024920190,68,12.247217293969800,2
-2.099493740963970,11.167315165922500,54,5.305242968614170,1
16.68268783746600,1.0270071075034700,40,12.67032248307890,2
-1.1778506842026500,9.002923744741240,52,5.941079509464620,1
3.066934331898890,-0.8248026721761740,16,10.869916823347600,4
0.17963465576676600,5.129903162306360,76,4.61392314352463,1
4.864735766903250,12.877917249797100,5,9.363953913894000,4
3.3058986625333000,16.038461597110300,38,6.22970428252281,4
14.317476370302900,21.014819608794000,26,2.7266149459654200,3
1.9834501819504800,11.691510323644800,37,9.979603271472720,4
0.08478682311963080,3.6224073833178300,5,3.883077203814420,1
15.49329427563240,-3.8828955613278100,72,8.767107170839640,2
13.757349139953000,-7.339411063074060,3,12.428196827518000,2
16.414036104557700,26.942386109582600,75,2.633965823910950,3
-1.3095976150354300,21.65788603157300,94,0.30025248720916200,1
6.464401630764560,16.047600157224500,76,9.57379741635759,4
5.670826354463560,15.622635224519200,73,10.383556704724100,4
4.91702633935247,21.63298398065420,9,6.3403191512670400,4
13.357908275857200,-6.615378442528700,86,11.565850133597800,2
7.229124267689980,16.393704618296400,93,8.446938356992980,4
14.098941500808100,28.9850400708102,86,5.1971673809209000,3
-1.1750763974246900,11.572311544668600,98,5.258123057662530,1
-2.073307477487980,7.002141823887080,16,4.041301226823350,1
15.540036532726700,0.18826008000665900,7,7.998908373712950,2
16.23317363124950,2.4494423322384300,70,9.782164064178750,2
0.0036315678771892100,12.191812967650800,48,2.0230514064775300,1
16.34799548073260,28.220511999880000,25,7.442580826862990,3
-0.9364868948365750,17.232728044297000,51,3.2867728399872300,1
18.910524587199300,25.62429432058620,4,0.20303852687390700,3
13.262845125771100,9.8321078179052,45,10.513409607941900,2
12.966191034469200,-12.822402161398600,13,5.585563591178140,2
17.39891242498390,31.336433354359200,6,4.830641464202970,3
13.19921996246800,-4.378221367617750,43,8.183347310781110,2
3.899146283213670,10.425605375141800,27,8.055159038719600,4
-0.013374820401804600,10.26890547908190,67,4.587398732012260,1
14.90154365722650,-11.351770519449700,98,8.099350520428000,2
2.5551011813264500,3.680131830691580,44,3.216146273449930,1
-2.885151183935130,1.1092851881593600,71,6.542273859140800,1
13.400234839826300,-0.9573822993165150,2,7.967774653220100,2
15.71643689890450,-0.08241948575456350,55,7.900075557076000,2
13.618274305797600,21.308549168578300,95,4.6825652988090400,3
2.8052495017519500,7.680145381105280,88,9.077715687876860,4
17.846331560346500,-4.015574129807670,100,10.1790706701433,2
17.584583140684300,-4.8788712929238300,28,9.552157415979280,2
2.529416373599080,12.365985391172200,38,9.239035898222690,4
5.672243483919250,-0.7685477840352350,48,9.455775925829160,4
15.837426817310400,24.681091184896300,58,5.328750176596590,3
12.987756067414900,-4.449300482247680,53,5.629726193919460,2
-2.031249703983680,23.099239022662000,24,3.9389621403818500,1
14.835384288853900,-2.70032507916863,99,4.511166225746380,2
-0.14611781382154600,13.79451359109320,22,9.139711939514610,4
14.764599370319700,31.37649806407490,29,3.8337271684256500,3
-0.5296468362917470,10.302837856247900,20,3.8888422094801600,1
18.419146149457100,37.960379825690600,91,4.503921832561140,3
14.179791465971600,31.582801308788300,91,4.318824666543920,3
6.715182476632300,25.472792289966000,66,6.280932425858570,4
2.7822177952748700,15.778594230954900,81,9.145046864582070,4
4.898436459649220,10.412814745255800,96,12.140882287459000,4
3.778285660565390,5.38412140193914,62,8.723063437202380,4
4.5473804773585,4.804505223976040,41,9.98033613333295,4
1.2651672684825300,5.041844102254460,39,5.725319095437690,4
17.415898218539300,21.850352499203200,53,8.487765904058740,3
15.087707203247500,31.17350761637240,82,3.239797285061860,3
-2.0882460768013100,8.868993577053700,100,5.887773407743040,1
14.809152131949600,7.409637949087360,43,8.445254359972040,2
15.94737579313330,23.584583012759900,61,3.697296496325850,3
16.26248076880650,15.810214069531800,85,5.173608165513860,3
16.983206105597900,2.1555564899229700,73,5.2943658506063900,2
12.561297002308800,2.436171994016060,77,7.720775949635720,2
-1.9890385080492500,0.9912307224360900,3,2.4546716519138600,1
16.931135700241000,17.830752111442300,1,4.56730610034585,3
17.141201814274800,23.995901695387800,100,0.8570322999073800,3
15.827599971893200,14.156915223346700,86,7.429720435145950,2
17.19489192526900,33.829052986201700,73,4.17550940471387,3
3.862581611914810,2.5589663087266600,72,9.351366995429100,4
1.0507500974535300,2.889982046005590,19,4.3329413146867800,1
-1.1113189190397700,10.812345223258800,85,1.9257530012444000,1
4.655894744025710,19.11994508618630,14,11.131975718758300,4
16.04560598248120,16.15138661061060,78,4.54820007279418,3
0.2897634944870250,2.4859014552227700,14,2.6212157183119500,1
16.502454598677400,36.043869073657600,0,4.981964076890970,3
14.392202178392400,21.367007703069600,59,6.927718510447620,3
18.154815673356300,32.5110865753898,67,4.391244028530760,3
5.190755793204340,17.177650917945200,24,7.904727607192370,4
-0.8930541045927940,7.858503423702980,7,4.724862861874730,1
15.253688373478200,-3.8791625067068900,83,8.987406541293460,2
-1.2253381445860600,11.17715052134510,57,2.999315748118140,1
16.261092333921700,25.016156304945400,1,4.862559223262810,3
13.311994335333700,33.912165565853100,91,0.05754022470300320,3
12.11961586313380,-1.162450983383090,89,9.64078579466746,2
3.6321832065643500,7.804406704866100,6,8.428428639304220,4
5.368308600476160,10.89002618342520,39,8.446042601688910,4
-0.9577215979473760,9.809675092803090,60,2.22726615816571,1
-2.720069805147770,5.7693467129528800,25,4.1100875369101300,1
16.57637946371210,28.806137053740500,59,1.6012942099546500,3
-1.1620250087288200,5.371606820491180,29,1.890715535562990,1
1.3333652523846900,8.672474384954470,19,4.1050400360465200,1
3.368396356364120,15.692776532987300,48,8.004077706910770,4
16.32692077352830,35.14543631080510,46,1.8986495602315400,3
13.574051249868300,4.4948782842801300,89,7.533779678552770,2
-1.8675315930979200,6.419464766726410,68,1.933250194152180,1
0.6495501320164970,7.314160751205660,43,4.539263810895090,1
-0.5543774237614530,5.396176435039500,21,1.2501020371770600,1
13.375907622053700,3.152298006853480,32,8.288650863645080,2
0.36461578424772200,8.568579451809110,67,1.1877769660948600,1
1.9970309570219600,-0.0028286430137853800,81,11.050909820918300,4
3.8708864255348500,8.876394047592260,85,10.489448400820600,4
0.9395036723678720,3.317576609408550,4,4.67858232779217,1
17.596336941662600,1.4918399766995700,44,6.781491229514390,2
1.8069316140853200,12.055854640058300,19,7.136884168728610,4
-1.7090310933281400,-5.266582712092420,36,4.77576212885231,1
6.674792984390310,12.866105367925600,3,9.891091288549090,4
16.809805440454000,43.27133680394090,88,3.4754958034681100,3
15.422977955855000,-2.885409972511730,42,6.395724660454670,2
14.966211732108400,33.11449639291200,9,4.436105506656280,3
16.116741644146500,10.820165991826600,71,3.004457662600650,3
15.672673938404200,-4.244792214198070,15,11.173483410884000,2
16.657682479997300,35.922951032093800,22,4.187552626230330,3
14.759426973471900,2.5784356889356700,24,10.302716276749800,2
-0.7561407236919070,13.214552419868000,10,2.0528435520158500,1
18.165695289995000,26.9296581514528,20,4.783002401304490,3
13.557977931947500,-8.236346506197420,37,6.574043548022710,2
5.81581778085563,1.2196097980121500,0,8.103092304825740,4
1.0487877249982900,15.688860496701900,96,1.5555746496120700,1
-0.9289565353361610,-0.2891147647116710,15,1.654808951826150,1
15.748484616542100,9.137629928543830,17,7.429306423859320,2
13.221225127561100,1.10306371239525,88,8.821849881220810,2
4.397325823590430,14.384225614662300,18,6.727507111163030,4
15.212529720066200,14.365126912693200,82,9.540110821457740,2
5.698785825241100,3.13907653392074,5,10.57807421671630,4
13.820611178005500,6.2606740518834800,82,8.714108331187790,2
-1.6601468966347500,9.222720061077940,79,4.930697685079970,1
3.678183257797460,14.63365045561910,54,9.630733527306780,4
14.380330267962800,24.39145061373150,72,3.4599896714993400,3
11.528201215061800,-10.469188947627200,23,11.491121639069100,2
0.5403497346337400,4.10610753809108,72,4.267842847664130,1
16.30301114612570,37.89813578360920,5,3.310725055216600,3
17.507793821880800,27.29755642513140,66,1.793569027487860,3
0.6886670475492030,19.289785695384700,52,3.489384211982460,1
10.18569936147790,4.6029523063815300,41,9.660070358932810,2
-4.058543299242950,14.215590679630400,65,3.3007335970223400,1
0.733082763715585,7.193238046659260,17,6.368995919402050,1
17.77828504930240,22.683280638708700,36,3.10624847469216,3
5.052898884605140,10.264260618169500,43,6.279211739603340,4
0.6631918423698810,-0.3162372849010120,47,2.3012804049013300,1
15.187281787129400,25.2377018124965,51,5.640143096668120,3
4.131630709536360,25.48573216226750,27,8.569567559845170,4
12.121183397432800,-4.814997762844290,52,10.47653693800140,2
5.270137852466060,17.7296664278135,26,10.576076484713300,4
1.9660643904109800,11.878607437908600,78,2.959008832849750,1
13.884350177592700,-4.174155269762600,70,6.232879991193660,2
18.955413911334200,12.234098603851400,69,6.174232507865890,3
17.704385763157400,1.9747958924145200,79,8.917381396968950,2
16.325365795498500,19.23686278701630,15,3.7633140425929700,3
-4.393125345443430,5.924065448522290,83,4.359823468615170,1
0.32491463985418000,7.60572112990862,72,4.2555181806219400,1
17.29172639256100,16.715675156085400,2,3.54758626019112,3
-1.8572776095333300,9.039155058736430,9,5.355883332754520,1
12.297062386223900,8.529884135613030,55,6.403072329661870,2
13.691595925478100,-0.5703873213434420,98,8.737167764948180,2
14.729723983566500,0.12819220814939100,33,5.974413242270070,2
13.942755760202500,-0.20832389751924400,26,8.91548615683119,2
-1.3595567298559500,-1.0389993248609900,49,2.652119528619650,1
-1.6272241479744100,-4.884077929642800,56,7.961788388844920,1
-0.8293402105792290,9.589304295818240,35,4.728653716967680,1
-0.7939594181980600,14.847616303824800,16,5.286715572132870,1
17.16444893910280,22.990350439438900,82,4.64931308807568,3
4.673603021376110,12.420341731832100,89,4.334769569458260,4
14.395703951537600,3.7183459554030400,54,8.20162276772126,2
5.935237585882230,23.18869959128280,6,9.575906237953230,4
17.746390631496100,36.854760300573300,61,1.3460935885328600,3
14.66757198668010,21.217060580222400,43,8.574050355534460,2
15.088023645393600,30.54418683697710,89,3.547890351341090,3
14.13324160204980,-14.920999438732900,41,11.06390687303770,2
-2.2533716097333400,12.159618462863500,64,6.377662507871670,1
0.026809290488182000,7.016834742126510,97,5.889725571048370,1
16.835886137293600,11.063952857980800,1,6.518046550573250,3
1.9355778932801100,9.649280632229500,1,9.386632860574770,4
-1.672125438536040,7.398269749771060,23,3.6921250396550700,1
6.747658877221360,10.93851303895580,71,7.40502240741216,4
1.3067219319463300,4.827255902664000,11,4.568237182138750,1
14.277388433700800,-0.3005463993288560,72,8.701402135981180,2
15.28590793949150,33.88232176223430,86,7.06880605570797,3
-1.009917600485680,9.523108020160040,83,3.0734420404593800,1
2.8649808792451900,13.202907420940800,75,9.723656879765270,4
16.925507380304600,27.87645708773540,71,3.8396179610375200,3
0.6442483357494660,18.20486227229760,66,4.422969502287050,1
5.739375558630420,7.857937651531950,23,8.076821639113240,4
5.79015313774441,7.425811358014600,97,10.27657257732920,4
4.451173503270970,2.29325511317753,26,8.611191706079600,4
14.823124570209900,20.407015217959400,26,0.9493783009591230,3
15.628234344890200,33.78880913270050,81,4.70646238401365,3
15.816093777035300,42.8201272723927,75,0.49871196780754100,3
-1.5474145106083700,11.49850265641160,34,-0.5683168470640340,1
13.889322208451400,20.199203863370400,86,4.735114260603070,3
6.529016018285220,5.973373490295170,45,7.657371448874660,4
0.9221662374536920,0.3836033130581620,61,2.869205069362630,1
6.2852947987854400,14.191194045904200,82,8.473442270802750,4
4.092526796458470,20.047910211638800,63,7.984883344899960,4
13.13948513898840,0.7258704053093470,11,4.686261764542860,2
4.249831043314790,4.17428084921703,53,10.05746962876950,4
13.230266768808600,0.9334935252129190,14,9.929345316300360,2
13.271931941753400,-3.6842223928802200,83,11.04053072969890,2
-0.7755610666507850,6.903801882635380,52,2.7669570547218600,1
1.892506186684390,14.421322926505100,52,11.774212390040300,4
3.4098311013081700,14.320823028974100,65,8.431664119898930,4
5.256000715303770,21.35897626791670,69,6.672510100000370,4
2.729498916702850,10.75609701601590,66,5.7245893724083600,1
15.673162914982100,35.52883140605720,75,6.326859985034,3
15.323337703861500,2.2824148113694400,48,9.108298697318160,2
14.341683120229300,25.390545082526200,86,2.991461663518520,3
15.483623569679600,23.122485997621200,41,5.253477019769770,3
15.244922510838900,28.221225970900500,100,2.444054898659360,3
4.538962279345300,10.842969979449300,36,9.407179897905910,4
15.858381264443200,19.431400983591900,7,5.598249282714010,3
13.163662536745100,-6.121656247835230,14,8.201252565375830,2
5.125397207711190,3.4370154383830600,70,9.602356212309840,4
5.065176916646160,11.976814231598700,3,11.969162185888500,4
13.88153086181980,-1.5914023541275500,55,12.999102614951000,2
0.6274714771509930,6.34996441610137,66,1.6766061467927700,1
15.455734798844300,29.96916037671520,33,1.8720381948110000,3
3.5944881905504600,2.6219654626327200,32,10.379158972562400,4
14.871946872219400,-1.356171935092920,15,9.662001699973430,2
16.09538017321380,29.654564691262600,66,7.322524923061590,3
3.9744368988138200,2.782038977847410,97,4.804176759960280,4
-1.2896125522038300,13.989433973797000,82,5.131997044991250,1
3.1046178682789300,8.446618770054960,44,10.184733940243800,4
-1.09173638410078,19.308998917832100,67,6.025145976333210,1
4.208221563922070,9.804740672349600,49,8.529557684056020,4
13.245174915974300,7.546309529454390,20,9.182284495613510,2
3.1787823245123900,16.742414656310800,14,2.053354419513940,1
16.817614145156100,25.127022900234900,16,1.5859234673055900,3
-2.120414819081380,4.764207786807410,67,6.781382566581810,1
12.642364257572600,7.913891175911800,78,7.230822063328200,2
4.498316810404690,18.643246177357400,47,11.204852318202100,4
14.362638404830200,4.70816816608304,2,10.496078779959900,2
0.3623664136863670,11.030713119425600,23,4.860133045765520,1
17.137667824771600,34.431913901080800,98,5.849892276174880,3
14.936206241831900,2.988107437800060,67,11.701759200467900,2
0.5522678838678300,11.459882765099400,54,3.115153581397200,1
2.8867820093186000,19.419656219891800,23,11.66451342738320,4
18.191228774132100,29.385393391528300,93,1.7996311973841700,3
4.959223006523010,15.205944870232900,96,5.653033472307470,4
14.286951218269700,-2.471977502340760,34,9.072394175232700,2
1.7213408484066900,10.476025131685200,61,7.669379403148890,4
4.794952901018610,1.098602689189590,22,6.470616106296000,4
14.606004367501100,-3.3238484150089200,46,5.776026152687740,2
-0.666425365027493,13.597183293544600,60,3.6044660781342400,1
3.848208415669990,14.700930330814200,25,6.457300738223500,4
14.916499361797600,-7.5905139975299000,11,6.683008297615570,2
3.4234662113813300,6.15666249713709,76,7.6154728214938400,4
-1.1530087022103400,-2.6196023141958200,80,7.994262083967850,1
15.253628440730400,3.0504232695553300,93,9.722105431732170,2
-0.9241181800054120,9.50365803316366,88,5.897066242133860,1
0.03498875626405120,12.602493202662100,55,2.5567356342011100,1
5.306633918475170,6.826010943256630,57,12.776989278942700,4
13.925914569181400,16.946303669409100,98,2.420546015273390,3
16.280192827774400,11.940966768879500,88,6.67593500614828,2
2.8736786005583500,16.56336565605300,80,8.957117513425060,4
13.322148075426300,-7.295685431865900,66,8.791825467942510,2
16.636368004535800,22.60024206817880,44,3.6781543700771200,3
13.978733767408600,-2.5612363370642800,39,6.47963092251591,2
0.5089162513542470,0.9689162682695700,3,5.344264540576850,1
8.341533042085620,19.23497106839260,5,8.620280500703490,4
15.550738794989900,34.0182002789483,64,3.3162049016632100,3
15.502278848167300,28.68231426495040,46,2.2755451505698200,3
14.968981767379400,4.340390673768240,56,7.25073184738676,2
1.9315027548083800,18.20219110010870,95,13.886972224107600,4
14.473746292823200,-0.19365304772048600,59,6.208816120385570,2
14.071104050601600,7.633816617001590,33,6.952547263422610,2
11.543662189877700,-3.4219960275341000,22,9.274599300731480,2
1.063383763097050,8.309715670346890,1,10.228593575912900,4
16.31326437790320,20.36073485789650,47,1.9847542416312900,3
17.55988402805340,41.94840755842490,0,7.861901582540940,3
14.811501305885400,-6.4861666917229200,84,8.824973510236400,2
3.185430151231460,10.157096512345900,82,9.50491350923638,4
16.028619164249100,20.444499549364900,21,4.76030746608211,3
14.94397993799620,1.5845032795102500,69,8.865185893728480,2
16.704518436001800,36.851385792996700,14,4.366073922435290,3
3.2934487085869200,21.73446675255630,77,12.075603658599700,4
1.255386439050240,6.072086459588130,61,5.349099430470290,1
-0.1339562347342960,17.417784471827300,8,7.024383128604170,1
-0.669635162361589,1.4374630609552800,59,6.936356888725390,1
-1.057874038340640,-5.557650699270080,23,4.31940000150663,1
5.14949472913684,12.166730037313400,72,7.526274818418610,4
15.42402857547780,34.36195148899110,47,7.183296055415480,3
3.742388292701780,20.068918075646400,27,6.977603171459480,4
-2.8164909935644500,10.475453345637200,53,4.782143788939170,1
3.1705270139619100,4.523794139355290,86,8.320786559864700,4
3.480227959568150,21.8177033159495,19,4.908631317279820,4
16.325783024377500,29.83295440155400,55,3.1225615245561400,3
13.933436694740200,0.5561808671894520,32,8.970168414421550,2
6.101301827775140,9.998263263404090,76,9.319813373764050,4
15.764965748774800,29.762701051655000,84,2.717673033878700,3
19.075112512191200,29.44446229915160,6,4.3771994285950200,3
4.703338630989940,21.826803037148700,32,8.749032163578310,4
13.712820722336000,-0.3830740974581810,9,7.940952857808500,2
-2.3832948220225100,7.110325521001120,1,3.7222200415142100,1
5.589925598876490,13.763232213693100,3,7.436679414802870,4
1.8108074161911600,0.8312278383454240,70,2.527530817744100,1
5.4926782310951800,14.784974192438700,60,6.823328979895920,4
16.61904338161370,9.098621803776330,15,8.784228905116900,2
0.5250832240270660,5.091390261531790,32,5.845767295468160,1
-0.4749812344140920,-0.8335737767208310,2,1.1829440683294200,1
14.751794348319500,18.072414765798600,94,3.032996784279080,3
18.567409612506800,30.853736591390900,18,3.3317402209960200,3
-1.0714888908244100,10.372742783500600,94,3.361272583676960,1
-0.041499657723715700,4.94121190938694,49,6.193935978033020,1
3.442077365715480,10.603610587278800,8,5.339164217522700,4
7.692459649821400,8.859178018233890,69,9.183048700511340,4
5.784892884723120,12.490600102382500,19,11.670752999838900,4
2.664971899298940,17.057439254849600,19,4.955803485439900,4
15.601060323369300,16.596528325054800,60,6.029157529590200,3
6.555413731397240,28.4617363522357,36,10.618243399703300,4
16.12940641469030,30.109993380145200,34,3.756619950282040,3
4.964106145668080,21.44407964160940,8,8.367677109600850,4
4.891709055682750,18.932782075212700,94,7.260322709729980,4
11.933076332295500,-3.3032082913717700,71,10.5924510167816,2
-0.9368796585807530,-0.7535570144375830,55,5.347737208286460,1
15.621325520261800,27.189146308507200,17,3.2883255344241400,3
12.47942120625140,5.331861469753210,94,12.355251064525700,2
3.0752485992378900,10.984931639583200,71,8.957640682290210,4
14.87658565758930,-0.0799755878609889,69,7.787259327015540,2
5.7642501301108500,12.545426364544700,60,7.61708347124722,4
-2.24675605295111,7.697313675842380,24,4.629786030059580,1
1.8923577751753300,6.1121852061361700,53,6.891284200732800,1
19.06187952137280,30.33788037363290,70,4.795751281691730,3
15.354638426017500,5.08435273178258,69,6.77002790365608,2
19.388384627567600,18.646185346254500,28,4.009843806620840,3
1.3366633966892000,26.12011378896470,84,7.855322678763590,4
13.670574893187300,-7.337226427402280,22,11.750588565645000,2
-0.4492038561554080,1.209252450624120,28,5.543044423632220,1
15.43922723740790,-18.05562455861370,11,11.08460462417460,2
15.294615613218600,30.296170739517000,65,4.581555364879800,3
13.767383664934400,-0.4273858881124790,51,7.229234422005400,2
15.314524048984300,22.282114665362500,49,2.961276956454810,3
-0.5922351005430700,-0.7040530862025860,19,3.0170215762718800,1
1.213420236604250,8.784798399526650,32,1.7514847384029100,1
7.246394175660190,7.575074262410320,21,6.3553596866354000,4
3.4932158896222900,29.68314504917200,69,5.597821051324510,4
3.5302611040819600,12.945695919550600,83,8.491813823393540,4
12.642732515676200,-6.9233399956283900,12,8.78684446167446,2
13.674857653268000,-0.6350279329465920,30,7.258965196520530,2
0.15687154413892200,9.278595314465740,47,4.340061497689510,1
0.6320121004496950,11.14690085101360,89,2.830818930115470,1
-0.5736743412204780,6.132819205890270,1,1.1263011997627600,1
-0.4508698914028230,11.569655032816400,77,3.4674343602163800,1
4.1682504238908500,3.955360180238690,63,9.125217900896540,4
0.9531331832212700,2.3034695649666300,65,0.35066089334529200,1
17.792925902581100,35.38499549980500,94,4.15854835043655,3
0.624496382724002,14.189004645347300,87,7.90796814122243,1
-2.6220934349624000,-5.550689281552170,9,5.4071632645653300,1
13.696064565315000,8.101222093106500,97,6.798933409396630,2
2.1298047152701200,-3.4844876888394400,26,3.619914954060820,1
4.248504579261330,7.794970956262590,49,6.346400506480030,4
-3.134034166983000,2.2797298681702400,1,8.433023553911420,1
-2.060100969584440,5.6113625285418100,44,2.234012587875540,1
16.8287347357357,33.48887764232990,3,1.9122172349641100,3
-1.0315319574669100,4.522231542011160,10,0.6476952047088450,1
15.63470922009030,-8.445868346545160,45,6.521149667864320,2
-0.8557160148960690,4.628809347188460,16,2.4695740098842000,1
5.876651401449990,8.48507885847171,24,8.065060408358260,4
5.224971040014520,15.759488907201700,92,10.14887584421040,4
16.264082004099000,-8.748591737631850,25,7.154358309729010,2
14.012063027229500,4.593576400325570,41,9.438736190095940,2
2.9018387071649300,7.473191195016780,98,10.108101567148600,4
15.051957885877400,1.659437293594940,7,9.85404424266432,2
13.09812302058760,3.2894362926653800,58,5.133346159923250,2
0.7810997792748980,1.5345056966314300,92,2.671713010751100,1
13.474740418322000,27.518764840837500,35,1.945220685072040,3
3.1221718627812400,1.585465122895650,78,3.364847399431180,1
2.029996925126980,-3.5234299213636400,47,6.6828772159357900,1
14.28756097869550,4.1411136165084300,72,9.664555787742570,2
-0.39138539789321300,1.7810165585399500,35,3.8716755820534400,1
14.599237289533000,-10.030728583896200,61,7.749047439607560,2
-0.3956400965318440,1.8460391928839200,40,7.700298410334190,1
-1.657236098073250,15.914018489943000,73,6.0393923239135100,1
14.938618486000200,7.099332511512650,28,8.729808533260760,2
1.055438258955100,4.93765674555884,27,3.8641329155734200,1
4.172320518084240,14.671044221530600,36,10.33491070438250,4
17.007604882896100,40.96546075447100,59,3.599748002462920,3
-0.06908512425883060,2.152886470920820,61,2.9505231760927100,1
5.110119647596840,11.12774347690980,17,7.541348823057850,4
14.502082896409500,-3.3750308273347700,87,11.621590507163300,2
3.5874835319686200,11.155520930781000,7,10.444446029283400,4
4.617490096938450,17.336550676325600,35,9.846184230675050,4
-0.1831005888651870,9.190750188070770,67,3.9378722779745800,1
-1.8475826471233700,11.40279016212220,37,4.8451507264708400,1
14.923285416645400,3.470773254941990,35,10.784856534627500,2
16.88192221415260,-6.176888177681130,78,5.943251777207110,2
13.598490948854600,0.019049955675179800,49,13.371982410276000,2
0.47604717654224200,2.9148665703480400,60,-1.7686430147798500,1
-1.9066200529278800,4.839946524366550,40,2.206077589982330,1
-2.688639997881040,3.299450505718530,34,2.184641414780450,1
3.843878441367770,14.083689985794400,90,7.278254375705930,4
-2.1003405491172400,11.676064396936900,19,2.2773730217742400,1
-0.7057293402185160,4.337244390898520,1,0.19178113784515500,1
12.567002238228100,-8.334782942785130,79,10.77761205649500,2
-0.558293825238134,10.100440393207400,27,4.205872775133740,1
17.75521672995920,24.22995832411880,14,8.443594306835080,3
14.953255033699000,28.345638345689400,68,2.8379595659124200,3
-2.2183117024630600,15.74351236593080,58,5.793158094977070,1
-1.8965781577803700,14.109403999278800,8,10.020963447575700,1
0.6124714188194670,7.766058694455920,50,3.3084208757770000,1
12.547813544091100,-5.736363583453710,1,9.898780785538620,2
0.8444330007542000,-1.0307513468307600,99,6.833163920247780,1
15.034877721366400,21.400769835139000,48,1.310150740404980,3
13.522482912083500,33.433231145246200,74,1.176935337321720,3
15.035949006619200,-7.206693781382370,92,10.927491460205100,2
0.555609627054193,18.43033109922360,100,2.7060099927786500,1
-1.5357074889656800,20.935437664492200,54,5.51709656246469,1
4.370150423639050,17.866294305077800,94,11.08136856349350,4
14.944428546129300,9.238821011112120,82,10.051538400380300,2
4.147284979465970,3.585081544507300,69,11.206638079882700,4
0.5802484579044490,5.984507512479760,30,4.075362626741010,1
-0.2623271775792900,3.9754122944235100,43,8.028460583939250,1
6.052831196286050,7.43215831180914,34,9.433739865420530,4
3.7615376710091600,25.291633772908600,70,8.213265770384180,4
-0.5823286008688970,-0.03544191706240610,42,5.065139429707590,1
16.56703823850890,27.977741031084400,53,-0.05427490363082650,3
-0.011538915398118600,11.57368475238400,20,1.6731722101673900,1
-0.09390280182531920,8.730882781676660,89,6.312308653523800,1
-1.1468385942554900,13.011385716970500,35,3.779101966988850,1
14.140789453914700,44.687550374903400,18,4.093124238232500,3
13.896392849333300,-1.7313832385708100,55,9.152335209825450,2
15.323086912993600,-4.166042670379320,28,9.5330975810798,2
15.910362416937400,13.092314908404300,42,5.64762694856467,3
16.075005324050900,-3.2385456195932600,82,11.646069673806300,2
3.126472005854720,10.138069183799400,69,9.756793522620640,4
10.541636759464100,7.1709971964307300,92,11.356735954548800,2
-4.306306322113780,1.481136389489440,22,5.841517914155300,1
14.846132198437300,6.840308672612680,20,6.547589517547590,2
15.701253202645700,33.59211961513080,99,3.3271370230083200,3
16.44966548400770,16.148349935152400,10,5.610438623937330,3
-0.9192374095115910,-5.633608578424320,25,3.220354039080020,1
14.385654873061900,-3.33928286889099,13,10.39722495550490,2
-2.3146898175311500,6.328796363825490,76,-0.24110363901053900,1
5.349154111739550,7.035705972284240,32,10.80620485899490,4
13.468597924691600,26.9126968504027,87,1.5847234142076800,3
17.138269629938900,27.440823464925200,95,3.0620002125328800,3
15.529890428750300,18.58391417489160,26,4.424241197378380,3
4.2713355070011200,6.786792928202180,63,8.04899678807931,4
12.622351660978900,-0.5973686874131670,42,7.975320767272810,2
14.361112353747300,37.74859388069750,83,-1.4612877345386800,3
13.48350335710140,-5.339742420945030,47,8.793462002131990,2
4.069544639492770,9.933046456258590,40,6.290655832992640,4
17.008776208812200,40.40393687957550,23,4.495308079836140,3
15.557328090928600,32.31256590035270,58,4.2920726605752000,3
-1.7383875725040700,4.048607070470560,5,4.796663214930250,1
-2.2099881109626,5.314968038828370,54,1.2693173403667800,1
6.0195005399844900,7.206138713341020,9,6.625119357459050,4
15.925081500167200,-5.832144519821710,51,5.977717475489540,2
-2.0848179735676800,11.308802956313100,56,6.281895229333720,1
18.81050195706500,18.60470267014090,2,1.8417108514362400,3
16.09030482868380,31.79738292591550,65,1.6630841772307600,3
16.372888697545900,27.761822143997300,37,3.6141556425328100,3
-0.17095673446174500,7.4709354269002200,6,6.784628539731950,1
-2.6902142520873000,10.123190900211900,44,4.667176275848410,1
2.885611265713770,9.231917261922470,96,7.5992952036674900,4
14.74727588499150,4.536129456753800,90,11.994845507327300,2
13.155060125462900,-2.323078210984120,97,7.672657337555300,2
16.57570266541240,33.82599077290190,13,4.305399371008170,3
13.693067962238300,-6.890629715307370,61,12.064513188446300,2
-1.125622076689940,5.8723860459087100,32,3.4542090516314000,1
15.023051160006400,7.572512940329540,67,8.68662463164406,2
14.756390610371600,33.80548354579150,11,3.787190938552650,3
17.588206790975800,29.60063541736710,93,7.250146491838300,3
16.951530118814200,22.154097970168100,72,6.5165987551109900,3
15.26981556954570,25.473607171659000,16,3.5669344343814100,3
16.331754068438200,1.2435713564388800,47,4.523852595470570,2
5.321420582997890,8.653674280268330,90,11.181268341666700,4
15.634323646938200,33.296052060888800,4,8.161858181398330,3
4.1888946726107600,8.628975757912300,12,9.535715307280720,4
4.603385251205080,6.104407298549560,93,10.513467188759300,4
14.408621347635100,27.694435256249500,70,1.7558333459386900,3
3.743545262653180,17.404649908532800,78,10.393270578693300,4
11.116923824695400,-10.837710110472400,11,6.792888579651370,2
12.92142582899670,-0.05185411076974720,81,13.460904940547100,2
-0.536499693384133,-1.1018948086725400,47,0.30248116147267100,1
16.685340240861200,28.56872702438540,49,2.8229871705847700,3
0.3245245257996100,2.808271598551760,36,1.8617153733194100,1
8.104253506026550,10.044067794655900,64,10.53458274168470,4
13.373089812647200,-7.69251195501475,53,7.579802464606050,2
3.9967905036582500,7.685421798112820,63,7.153767914768490,4
3.7008046092908400,11.885652693081000,82,11.872056764619300,4
13.946616844981900,3.273764130313810,96,10.632176729485600,2
12.570130990647100,-2.734517905965200,15,10.401261120903300,2
15.50192073606430,4.91191583024561,13,8.008741223587860,2
16.739348645856700,22.19651280412200,75,4.527864755546060,3